fichier;year
H:/Corpus_commission/1973_1982/1973_0395_COM_1973_2164_XM_PACKAGE.txt;1973
H:/Corpus_commission/1973_1982/1973_0406_COM_1973_2212_XM_PACKAGE.txt;1973
H:/Corpus_commission/1973_1982/1973_0126_COM_1973_0632_XM_PACKAGE.txt;1973
H:/Corpus_commission/1973_1982/1973_0342_COM_1973_1942_XM_PACKAGE.txt;1973
H:/Corpus_commission/1973_1982/1973_0256_COM_1973_1439_XM_PACKAGE.txt;1973
H:/Corpus_commission/1973_1982/1973_0205_COM_1973_1141_XM_PACKAGE.txt;1973
H:/Corpus_commission/1973_1982/1973_0289_COM_1973_1697_XM_PACKAGE.txt;1973
H:/Corpus_commission/1973_1982/1973_0049_COM_1973_0307_XM_PACKAGE.txt;1973
H:/Corpus_commission/1973_1982/1973_0259_COM_1973_1482_XM_PACKAGE.txt;1973
H:/Corpus_commission/1973_1982/1973_0278_COM_1973_1603_XM_PACKAGE.txt;1973
H:/Corpus_commission/1973_1982/1973_0185_COM_1973_1008_XM_PACKAGE.txt;1973
H:/Corpus_commission/1973_1982/1973_0281_COM_1973_1648_XM_PACKAGE.txt;1973
H:/Corpus_commission/1973_1982/1973_0401_COM_1973_2197_XM_PACKAGE.txt;1973
H:/Corpus_commission/1973_1982/1973_0112_COM_1973_0560_XM_PACKAGE.txt;1973
H:/Corpus_commission/1973_1982/1973_0186_COM_1973_1016_XM_PACKAGE.txt;1973
H:/Corpus_commission/1973_1982/1973_0405_COM_1973_2205_XM_PACKAGE.txt;1973
H:/Corpus_commission/1973_1982/1973_9009_COM_1973_1008_XM_PACKAGE.txt;1973
H:/Corpus_commission/1973_1982/1973_0041_COM_1973_0266_XM_PACKAGE.txt;1973
H:/Corpus_commission/1973_1982/1973_0190_COM_1973_1043_XM_PACKAGE.txt;1973
H:/Corpus_commission/1973_1982/1973_0230_COM_1973_1228_XM_PACKAGE.txt;1973
H:/Corpus_commission/1973_1982/1973_0383_COM_1973_2122_XM_PACKAGE.txt;1973
H:/Corpus_commission/1973_1982/1973_0049_COM_1973_0314_XM_PACKAGE.txt;1973
H:/Corpus_commission/1973_1982/1973_9010_COM_1973_1250_XM_PACKAGE.txt;1973
H:/Corpus_commission/1973_1982/1973_9015_COM_1973_2236_XM_PACKAGE.txt;1973
H:/Corpus_commission/1973_1982/1973_0026_COM_1973_0186_XM_PACKAGE.txt;1973
H:/Corpus_commission/1973_1982/1973_0202_COM_1973_1126_XM_PACKAGE.txt;1973
H:/Corpus_commission/1973_1982/1973_0160_COM_1973_0853_XM_PACKAGE.txt;1973
H:/Corpus_commission/1973_1982/1973_0382_COM_1973_2119_XM_PACKAGE.txt;1973
H:/Corpus_commission/1973_1982/1973_0181_COM_1973_0976_XM_PACKAGE.txt;1973
H:/Corpus_commission/1973_1982/1973_0340_COM_1973_1931_XM_PACKAGE.txt;1973
H:/Corpus_commission/1973_1982/1973_0283_COM_1973_1675_XM_PACKAGE.txt;1973
H:/Corpus_commission/1973_1982/1973_0330_COM_1973_1860_XM_PACKAGE.txt;1973
H:/Corpus_commission/1973_1982/1973_0159_COM_1973_0846_XM_PACKAGE.txt;1973
H:/Corpus_commission/1973_1982/1973_0268_COM_1973_1545_XM_PACKAGE.txt;1973
H:/Corpus_commission/1973_1982/1973_0001_COM_1973_0011_XM_PACKAGE.txt;1973
H:/Corpus_commission/1973_1982/1973_0338_COM_1973_1920_XM_PACKAGE.txt;1973
H:/Corpus_commission/1973_1982/1973_0001_COM_1973_0020_XM_PACKAGE.txt;1973
H:/Corpus_commission/1973_1982/1973_0078_COM_1973_0458_XM_PACKAGE.txt;1973
H:/Corpus_commission/1973_1982/1973_0380_COM_1973_2111_XM_PACKAGE.txt;1973
H:/Corpus_commission/1973_1982/1973_0248_COM_1973_1328_XM_PACKAGE.txt;1973
H:/Corpus_commission/1973_1982/1974_0155_COM_1974_0927_XM_PACKAGE.txt;1974
H:/Corpus_commission/1973_1982/1974_0174_COM_1974_1059_XM_PACKAGE.txt;1974
H:/Corpus_commission/1973_1982/1974_0016_COM_1974_0086_XM_PACKAGE.txt;1974
H:/Corpus_commission/1973_1982/1974_9010_COM_1974_0968_XM_PACKAGE.txt;1974
H:/Corpus_commission/1973_1982/1974_0172_COM_1974_1047_XM_PACKAGE.txt;1974
H:/Corpus_commission/1973_1982/1974_9005_COM_1974_0117_XM_PACKAGE.txt;1974
H:/Corpus_commission/1973_1982/1974_0351_COM_1974_2135_XM_PACKAGE.txt;1974
H:/Corpus_commission/1973_1982/1974_0251_COM_1974_1567_XM_PACKAGE.txt;1974
H:/Corpus_commission/1973_1982/1974_9008_COM_1974_0760_XM_PACKAGE.txt;1974
H:/Corpus_commission/1973_1982/1974_0243_COM_1974_1512_XM_PACKAGE.txt;1974
H:/Corpus_commission/1973_1982/1974_0125_COM_1974_0818_XM_PACKAGE.txt;1974
H:/Corpus_commission/1973_1982/1974_0131_COM_1974_0852_XM_PACKAGE.txt;1974
H:/Corpus_commission/1973_1982/1974_0164_COM_1974_0968_XM_PACKAGE.txt;1974
H:/Corpus_commission/1973_1982/1974_0305_COM_1974_1900_XM_PACKAGE.txt;1974
H:/Corpus_commission/1973_1982/1974_0016_COM_1974_0089_XM_PACKAGE.txt;1974
H:/Corpus_commission/1973_1982/1974_0287_COM_1974_1820_XM_PACKAGE.txt;1974
H:/Corpus_commission/1973_1982/1974_0261_COM_1974_1640_XM_PACKAGE.txt;1974
H:/Corpus_commission/1973_1982/1974_0073_COM_1974_0420_XM_PACKAGE.txt;1974
H:/Corpus_commission/1973_1982/1974_0101_COM_1974_0630_XM_PACKAGE.txt;1974
H:/Corpus_commission/1973_1982/1974_0199_COM_1974_1247_XM_PACKAGE.txt;1974
H:/Corpus_commission/1973_1982/1974_0261_COM_1974_1637_XM_PACKAGE 1.txt;1974
H:/Corpus_commission/1973_1982/1974_9010_COM_1974_1054_XM_PACKAGE.txt;1974
H:/Corpus_commission/1973_1982/1974_0289_COM_1974_1843_XM_PACKAGE.txt;1974
H:/Corpus_commission/1973_1982/1974_0228_COM_1974_1368_XM_PACKAGE.txt;1974
H:/Corpus_commission/1973_1982/1974_0338_COM_1974_2022_XM_PACKAGE.txt;1974
H:/Corpus_commission/1973_1982/1974_0077_COM_1974_0455_XM_PACKAGE.txt;1974
H:/Corpus_commission/1973_1982/1974_0104_COM_1974_0654_XM_PACKAGE.txt;1974
H:/Corpus_commission/1973_1982/1974_0322_COM_1974_1981_XM_PACKAGE.txt;1974
H:/Corpus_commission/1973_1982/1974_0266_COM_1974_1668_XM_PACKAGE.txt;1974
H:/Corpus_commission/1973_1982/1974_0097_COM_1974_0581_XM_PACKAGE.txt;1974
H:/Corpus_commission/1973_1982/1974_0017_COM_1974_0099_XM_PACKAGE.txt;1974
H:/Corpus_commission/1973_1982/1974_0061_COM_1974_0343_XM_PACKAGE.txt;1974
H:/Corpus_commission/1973_1982/1974_0088_COM_1974_0520_XM_PACKAGE.txt;1974
H:/Corpus_commission/1973_1982/1974_0185_COM_1974_1155_XM_PACKAGE.txt;1974
H:/Corpus_commission/1973_1982/1974_0079_COM_1974_0474_XM_PACKAGE.txt;1974
H:/Corpus_commission/1973_1982/1974_0277_COM_1974_1731_XM_PACKAGE.txt;1974
H:/Corpus_commission/1973_1982/1974_0004_COM_1974_0020_XM_PACKAGE.txt;1974
H:/Corpus_commission/1973_1982/1974_0147_COM_1974_0900_XM_PACKAGE.txt;1974
H:/Corpus_commission/1973_1982/1974_0198_COM_1974_1237_XM_PACKAGE.txt;1974
H:/Corpus_commission/1973_1982/1974_0001_COM_1974_0004_XM_PACKAGE.txt;1974
H:/Corpus_commission/1973_1982/1975_0170_COM_1975_0448_XM_PACKAGE.txt;1975
H:/Corpus_commission/1973_1982/1975_0044_COM_1975_0128_XM_PACKAGE.txt;1975
H:/Corpus_commission/1973_1982/1975_0100_COM_1975_0280_XM_PACKAGE.txt;1975
H:/Corpus_commission/1973_1982/1975_0190_COM_1975_0499_XM_PACKAGE.txt;1975
H:/Corpus_commission/1973_1982/1975_0232_COM_1975_0606_XM_PACKAGE.txt;1975
H:/Corpus_commission/1973_1982/1975_0167_COM_1975_0434_XM_PACKAGE.txt;1975
H:/Corpus_commission/1973_1982/1975_0067_COM_1975_0178_XM_PACKAGE.txt;1975
H:/Corpus_commission/1973_1982/1975_0027_COM_1975_0075_XM_PACKAGE.txt;1975
H:/Corpus_commission/1973_1982/1975_0026_COM_1975_0071_XM_PACKAGE.txt;1975
H:/Corpus_commission/1973_1982/1975_0084_COM_1975_0234_XM_PACKAGE.txt;1975
H:/Corpus_commission/1973_1982/1975_0195_COM_1975_0513_XM_PACKAGE.txt;1975
H:/Corpus_commission/1973_1982/1975_0001_COM_1975_0001_XM_PACKAGE.txt;1975
H:/Corpus_commission/1973_1982/1975_0063_COM_1975_0159_XM_PACKAGE.txt;1975
H:/Corpus_commission/1973_1982/1975_9005_COM_1975_0011_XM_PACKAGE.txt;1975
H:/Corpus_commission/1973_1982/1975_9004_COM_1975_0438_XM_PACKAGE.txt;1975
H:/Corpus_commission/1973_1982/1975_0213_COM_1975_0570_XM_PACKAGE.txt;1975
H:/Corpus_commission/1973_1982/1975_0091_COM_1975_0256_XM_PACKAGE.txt;1975
H:/Corpus_commission/1973_1982/1975_0152_COM_1975_0387_XM_PACKAGE.txt;1975
H:/Corpus_commission/1973_1982/1975_0217_COM_1975_0574_XM_PACKAGE.txt;1975
H:/Corpus_commission/1973_1982/1975_0177_COM_1975_0468_XM_PACKAGE.txt;1975
H:/Corpus_commission/1973_1982/1975_0178_COM_1975_0474_XM_PACKAGE.txt;1975
H:/Corpus_commission/1973_1982/1975_0064_COM_1975_0165_XM_PACKAGE.txt;1975
H:/Corpus_commission/1973_1982/1975_0064_COM_1975_0164_XM_PACKAGE.txt;1975
H:/Corpus_commission/1973_1982/1975_0106_COM_1975_0297_XM_PACKAGE.txt;1975
H:/Corpus_commission/1973_1982/1975_9005_COM_1975_0006_XM_PACKAGE.txt;1975
H:/Corpus_commission/1973_1982/1975_9007_COM_1975_0094_XM_PACKAGE.txt;1975
H:/Corpus_commission/1973_1982/1975_0212_COM_1975_0567_XM_PACKAGE.txt;1975
H:/Corpus_commission/1973_1982/1975_0210_COM_1975_0561_XM_PACKAGE.txt;1975
H:/Corpus_commission/1973_1982/1975_0155_COM_1975_0395_XM_PACKAGE.txt;1975
H:/Corpus_commission/1973_1982/1975_0001_COM_1975_0002_XM_PACKAGE.txt;1975
H:/Corpus_commission/1973_1982/1975_0171_COM_1975_0454_XM_PACKAGE.txt;1975
H:/Corpus_commission/1973_1982/1975_0238_COM_1975_0638_XM_PACKAGE.txt;1975
H:/Corpus_commission/1973_1982/1975_0215_COM_1975_0570_XM_PACKAGE.txt;1975
H:/Corpus_commission/1973_1982/1975_0129_COM_1975_0334_XM_PACKAGE.txt;1975
H:/Corpus_commission/1973_1982/1975_0154_COM_1975_0393_XM_PACKAGE 1.txt;1975
H:/Corpus_commission/1973_1982/1975_0154_COM_1975_0393_XM_PACKAGE.txt;1975
H:/Corpus_commission/1973_1982/1975_9014_COM_1975_0373_XM_PACKAGE.txt;1975
H:/Corpus_commission/1973_1982/1975_0094_COM_1975_0267_XM_PACKAGE.txt;1975
H:/Corpus_commission/1973_1982/1975_0171_COM_1975_0452_XM_PACKAGE.txt;1975
H:/Corpus_commission/1973_1982/1975_0236_COM_1975_0623_XM_PACKAGE.txt;1975
H:/Corpus_commission/1973_1982/1976_0087_COM_1976_0276_XM_PACKAGE.txt;1976
H:/Corpus_commission/1973_1982/1976_0096_COM_1976_0320_XM_PACKAGE.txt;1976
H:/Corpus_commission/1973_1982/1976_0137_COM_1976_0451_XM_PACKAGE.txt;1976
H:/Corpus_commission/1973_1982/1976_0140_COM_1976_0464_XM_PACKAGE.txt;1976
H:/Corpus_commission/1973_1982/1976_0178_COM_1976_0579_XM_PACKAGE.txt;1976
H:/Corpus_commission/1973_1982/1976_0094_COM_1976_0306_XM_PACKAGE.txt;1976
H:/Corpus_commission/1973_1982/1976_9003_COM_1976_0057_XM_PACKAGE.txt;1976
H:/Corpus_commission/1973_1982/1976_9008_COM_1976_0292_XM_PACKAGE.txt;1976
H:/Corpus_commission/1973_1982/1976_0055_COM_1976_0177_XM_PACKAGE.txt;1976
H:/Corpus_commission/1973_1982/1976_9015_COM_1976_0704_XM_PACKAGE.txt;1976
H:/Corpus_commission/1973_1982/1976_0218_COM_1976_0722_XM_PACKAGE.txt;1976
H:/Corpus_commission/1973_1982/1976_0142_COM_1976_0471_XM_PACKAGE.txt;1976
H:/Corpus_commission/1973_1982/1976_0152_COM_1976_0522_XM_PACKAGE.txt;1976
H:/Corpus_commission/1973_1982/1976_9004_COM_1976_0080_XM_PACKAGE.txt;1976
H:/Corpus_commission/1973_1982/1976_0204_COM_1976_0676_XM_PACKAGE.txt;1976
H:/Corpus_commission/1973_1982/1976_0137_COM_1976_0449_XM_PACKAGE.txt;1976
H:/Corpus_commission/1973_1982/1976_0197_COM_1976_0651_XM_PACKAGE.txt;1976
H:/Corpus_commission/1973_1982/1976_0029_COM_1976_0080_XM_PACKAGE.txt;1976
H:/Corpus_commission/1973_1982/1976_0186_COM_1976_0603_XM_PACKAGE.txt;1976
H:/Corpus_commission/1973_1982/1976_0145_COM_1976_0484_XM_PACKAGE.txt;1976
H:/Corpus_commission/1973_1982/1976_0036_COM_1976_0107_XM_PACKAGE.txt;1976
H:/Corpus_commission/1973_1982/1976_0027_COM_1976_0061_XM_PACKAGE.txt;1976
H:/Corpus_commission/1973_1982/1976_0106_COM_1976_0355_XM_PACKAGE.txt;1976
H:/Corpus_commission/1973_1982/1976_0187_COM_1976_0612_XM_PACKAGE.txt;1976
H:/Corpus_commission/1973_1982/1976_0178_COM_1976_0576_XM_PACKAGE.txt;1976
H:/Corpus_commission/1973_1982/1976_0193_COM_1976_0641_XM_PACKAGE.txt;1976
H:/Corpus_commission/1973_1982/1976_0039_COM_1976_0124_XM_PACKAGE.txt;1976
H:/Corpus_commission/1973_1982/1976_9003_COM_1976_0066_XM_PACKAGE.txt;1976
H:/Corpus_commission/1973_1982/1976_0071_COM_1976_0209_XM_PACKAGE.txt;1976
H:/Corpus_commission/1973_1982/1976_0036_COM_1976_0106_XM_PACKAGE.txt;1976
H:/Corpus_commission/1973_1982/1976_0172_COM_1976_0561_XM_PACKAGE.txt;1976
H:/Corpus_commission/1973_1982/1976_0077_COM_1976_0232_XM_PACKAGE.txt;1976
H:/Corpus_commission/1973_1982/1976_0186_COM_1976_0604_XM_PACKAGE.txt;1976
H:/Corpus_commission/1973_1982/1976_0090_COM_1976_0295_XM_PACKAGE.txt;1976
H:/Corpus_commission/1973_1982/1976_0161_COM_1976_0526_XM_PACKAGE.txt;1976
H:/Corpus_commission/1973_1982/1976_0185_COM_1976_0600_XM_PACKAGE.txt;1976
H:/Corpus_commission/1973_1982/1976_0042_COM_1976_0136_XM_PACKAGE.txt;1976
H:/Corpus_commission/1973_1982/1976_0012_COM_1976_0020_XM_PACKAGE.txt;1976
H:/Corpus_commission/1973_1982/1976_0034_COM_1976_0094_XM_PACKAGE.txt;1976
H:/Corpus_commission/1973_1982/1976_0160_COM_1976_0524_XM_PACKAGE.txt;1976
H:/Corpus_commission/1973_1982/1977_9007_COM_1977_0292_XM_PACKAGE.txt;1977
H:/Corpus_commission/1973_1982/1977_0142_COM_1977_0445_XM_PACKAGE.txt;1977
H:/Corpus_commission/1973_1982/1977_0156_COM_1977_0491_XM_PACKAGE.txt;1977
H:/Corpus_commission/1973_1982/1977_0057_COM_1977_0160_XM_PACKAGE.txt;1977
H:/Corpus_commission/1973_1982/1977_0138_COM_1977_0430_XM_PACKAGE.txt;1977
H:/Corpus_commission/1973_1982/1977_0053_COM_1977_0145_XM_PACKAGE.txt;1977
H:/Corpus_commission/1973_1982/1977_0118_COM_1977_0359_XM_PACKAGE 1.txt;1977
H:/Corpus_commission/1973_1982/1977_0091_COM_1977_0259_XM_PACKAGE.txt;1977
H:/Corpus_commission/1973_1982/1977_0039_COM_1977_0095_XM_PACKAGE.txt;1977
H:/Corpus_commission/1973_1982/1977_0055_COM_1977_0150_XM_PACKAGE.txt;1977
H:/Corpus_commission/1973_1982/1977_0195_COM_1977_0593_XM_PACKAGE.txt;1977
H:/Corpus_commission/1973_1982/1977_0112_COM_1977_0336_XM_PACKAGE.txt;1977
H:/Corpus_commission/1973_1982/1977_0113_COM_1977_0337_XM_PACKAGE.txt;1977
H:/Corpus_commission/1973_1982/1977_0124_COM_1977_0377_XM_PACKAGE.txt;1977
H:/Corpus_commission/1973_1982/1977_0117_COM_1977_0346_XM_PACKAGE.txt;1977
H:/Corpus_commission/1973_1982/1977_0045_COM_1977_0109_XM_PACKAGE.txt;1977
H:/Corpus_commission/1973_1982/1977_0214_COM_1977_0669_XM_PACKAGE.txt;1977
H:/Corpus_commission/1973_1982/1977_0149_COM_1977_0472_XM_PACKAGE.txt;1977
H:/Corpus_commission/1973_1982/1977_0205_COM_1977_0643_XM_PACKAGE.txt;1977
H:/Corpus_commission/1973_1982/1977_0201_COM_1977_0620_XM_PACKAGE.txt;1977
H:/Corpus_commission/1973_1982/1977_9002_COM_1977_0057_XM_PACKAGE.txt;1977
H:/Corpus_commission/1973_1982/1977_0220_COM_1977_0697_XM_PACKAGE.txt;1977
H:/Corpus_commission/1973_1982/1977_0089_COM_1977_0254_XM_PACKAGE.txt;1977
H:/Corpus_commission/1973_1982/1977_0079_COM_1977_0204_XM_PACKAGE.txt;1977
H:/Corpus_commission/1973_1982/1977_0195_COM_1977_0594_XM_PACKAGE.txt;1977
H:/Corpus_commission/1973_1982/1977_0196_COM_1977_0597_XM_PACKAGE.txt;1977
H:/Corpus_commission/1973_1982/1977_9001_COM_1977_0263_XM_PACKAGE.txt;1977
H:/Corpus_commission/1973_1982/1977_0203_COM_1977_0634_XM_PACKAGE.txt;1977
H:/Corpus_commission/1973_1982/1977_0045_COM_1977_0104_XM_PACKAGE.txt;1977
H:/Corpus_commission/1973_1982/1977_0085_COM_1977_0227_XM_PACKAGE.txt;1977
H:/Corpus_commission/1973_1982/1977_0055_COM_1977_0154_XM_PACKAGE.txt;1977
H:/Corpus_commission/1973_1982/1977_0201_COM_1977_0623_XM_PACKAGE.txt;1977
H:/Corpus_commission/1973_1982/1977_0044_COM_1977_0100_XM_PACKAGE.txt;1977
H:/Corpus_commission/1973_1982/1977_9013_COM_1977_0525_XM_PACKAGE.txt;1977
H:/Corpus_commission/1973_1982/1977_0025_COM_1977_0059_XM_PACKAGE.txt;1977
H:/Corpus_commission/1973_1982/1977_0017_COM_1977_0048_XM_PACKAGE.txt;1977
H:/Corpus_commission/1973_1982/1977_0134_COM_1977_0410_XM_PACKAGE.txt;1977
H:/Corpus_commission/1973_1982/1977_0035_COM_1977_0089_XM_PACKAGE.txt;1977
H:/Corpus_commission/1973_1982/1977_0192_COM_1977_0586_XM_PACKAGE.txt;1977
H:/Corpus_commission/1973_1982/1977_0188_COM_1977_0575_XM_PACKAGE.txt;1977
H:/Corpus_commission/1973_1982/1978_9016_COM_1978_0090_XM_PACKAGE.txt;1978
H:/Corpus_commission/1973_1982/1978_0140_COM_1978_0373_XM_PACKAGE.txt;1978
H:/Corpus_commission/1973_1982/1978_9007_COM_1978_0258_XM_PACKAGE.txt;1978
H:/Corpus_commission/1973_1982/1978_0118_COM_1978_0318_XM_PACKAGE.txt;1978
H:/Corpus_commission/1973_1982/1978_0044_COM_1978_0124_XM_PACKAGE.txt;1978
H:/Corpus_commission/1973_1982/1978_0117_COM_1978_0318_XM_PACKAGE.txt;1978
H:/Corpus_commission/1973_1982/1978_9032_COM_1978_0531_XM_PACKAGE.txt;1978
H:/Corpus_commission/1973_1982/1978_0131_COM_1978_0346_XM_PACKAGE.txt;1978
H:/Corpus_commission/1973_1982/1978_0063_COM_1978_0193_XM_PACKAGE.txt;1978
H:/Corpus_commission/1973_1982/1978_0064_COM_1978_0198_XM_PACKAGE.txt;1978
H:/Corpus_commission/1973_1982/1978_0146_COM_1978_0387_XM_PACKAGE.txt;1978
H:/Corpus_commission/1973_1982/1978_0172_COM_1978_0466_XM_PACKAGE.txt;1978
H:/Corpus_commission/1973_1982/1978_0083_COM_1978_0250_XM_PACKAGE.txt;1978
H:/Corpus_commission/1973_1982/1978_0018_COM_1978_0050_XM_PACKAGE.txt;1978
H:/Corpus_commission/1973_1982/1978_0119_COM_1978_0320_XM_PACKAGE.txt;1978
H:/Corpus_commission/1973_1982/1978_0263_COM_1978_0698_XM_PACKAGE.txt;1978
H:/Corpus_commission/1973_1982/1978_0157_COM_1978_0407_XM_PACKAGE.txt;1978
H:/Corpus_commission/1973_1982/1978_0094_COM_1978_0250_XM_PACKAGE.txt;1978
H:/Corpus_commission/1973_1982/1978_9035_COM_1978_0689_XM_PACKAGE.txt;1978
H:/Corpus_commission/1973_1982/1978_9013_COM_1978_0026_XM_PACKAGE.txt;1978
H:/Corpus_commission/1973_1982/1978_0130_COM_1978_0344_XM_PACKAGE.txt;1978
H:/Corpus_commission/1973_1982/1978_0046_COM_1978_0130_XM_PACKAGE.txt;1978
H:/Corpus_commission/1973_1982/1978_0144_COM_1978_0382_XM_PACKAGE.txt;1978
H:/Corpus_commission/1973_1982/1978_9027_COM_1978_0369_XM_PACKAGE.txt;1978
H:/Corpus_commission/1973_1982/1978_0077_COM_1978_0232_XM_PACKAGE.txt;1978
H:/Corpus_commission/1973_1982/1978_0228_COM_1978_0596_XM_PACKAGE.txt;1978
H:/Corpus_commission/1973_1982/1978_0076_COM_1978_0226_XM_PACKAGE.txt;1978
H:/Corpus_commission/1973_1982/1978_0048_COM_1978_0140_XM_PACKAGE.txt;1978
H:/Corpus_commission/1973_1982/1978_0014_COM_1978_0040_XM_PACKAGE.txt;1978
H:/Corpus_commission/1973_1982/1978_0060_COM_1978_0183_XM_PACKAGE.txt;1978
H:/Corpus_commission/1973_1982/1978_0088_COM_1978_0250_XM_PACKAGE.txt;1978
H:/Corpus_commission/1973_1982/1978_0042_COM_1978_0122_XM_PACKAGE.txt;1978
H:/Corpus_commission/1973_1982/1978_0075_COM_1978_0222_XM_PACKAGE.txt;1978
H:/Corpus_commission/1973_1982/1978_0007_COM_1978_0019_XM_PACKAGE.txt;1978
H:/Corpus_commission/1973_1982/1978_9030_COM_1978_0509_XM_PACKAGE.txt;1978
H:/Corpus_commission/1973_1982/1978_0221_COM_1978_0575_XM_PACKAGE.txt;1978
H:/Corpus_commission/1973_1982/1978_0024_COM_1978_0067_XM_PACKAGE.txt;1978
H:/Corpus_commission/1973_1982/1978_9001_COM_1978_0007_XM_PACKAGE.txt;1978
H:/Corpus_commission/1973_1982/1978_0144_COM_1978_0381_XM_PACKAGE.txt;1978
H:/Corpus_commission/1973_1982/1978_0106_COM_1978_0289_XM_PACKAGE.txt;1978
H:/Corpus_commission/1973_1982/1979_0066_COM_1979_0133_XM_PACKAGE.txt;1979
H:/Corpus_commission/1973_1982/1979_0173_COM_1979_0510_XM_PACKAGE.txt;1979
H:/Corpus_commission/1973_1982/1979_0066_COM_1979_0136_XM_PACKAGE.txt;1979
H:/Corpus_commission/1973_1982/1979_0098_COM_1979_0244_XM_PACKAGE.txt;1979
H:/Corpus_commission/1973_1982/1979_0171_COM_1979_0499_XM_PACKAGE.txt;1979
H:/Corpus_commission/1973_1982/1979_0156_COM_1979_0447_XM_PACKAGE.txt;1979
H:/Corpus_commission/1973_1982/1979_0088_COM_1979_0201_XM_PACKAGE.txt;1979
H:/Corpus_commission/1973_1982/1979_0083_COM_1979_0195_XM_PACKAGE.txt;1979
H:/Corpus_commission/1973_1982/1979_0160_COM_1979_0459_XM_PACKAGE.txt;1979
H:/Corpus_commission/1973_1982/1979_0262_COM_1979_0795_XM_PACKAGE.txt;1979
H:/Corpus_commission/1973_1982/1979_0123_COM_1979_0337_XM_PACKAGE.txt;1979
H:/Corpus_commission/1973_1982/1979_0093_COM_1979_0224_XM_PACKAGE.txt;1979
H:/Corpus_commission/1973_1982/1979_0109_COM_1979_0288_XM_PACKAGE.txt;1979
H:/Corpus_commission/1973_1982/1979_0166_COM_1979_0481_XM_PACKAGE.txt;1979
H:/Corpus_commission/1973_1982/1979_0024_COM_1979_0073_XM_PACKAGE.txt;1979
H:/Corpus_commission/1973_1982/1979_0231_COM_1979_0678_XM_PACKAGE.txt;1979
H:/Corpus_commission/1973_1982/1979_0072_COM_1979_0165_XM_PACKAGE.txt;1979
H:/Corpus_commission/1973_1982/1979_0168_COM_1979_0484_XM_PACKAGE.txt;1979
H:/Corpus_commission/1973_1982/1979_0173_COM_1979_0508_XM_PACKAGE.txt;1979
H:/Corpus_commission/1973_1982/1979_0186_COM_1979_0540_XM_PACKAGE.txt;1979
H:/Corpus_commission/1973_1982/1979_0208_COM_1979_0612_XM_PACKAGE.txt;1979
H:/Corpus_commission/1973_1982/1979_0075_COM_1979_0174_XM_PACKAGE.txt;1979
H:/Corpus_commission/1973_1982/1979_0120_COM_1979_0315_XM_PACKAGE.txt;1979
H:/Corpus_commission/1973_1982/1979_0260_COM_1979_0785_XM_PACKAGE.txt;1979
H:/Corpus_commission/1973_1982/1979_0158_COM_1979_0452_XM_PACKAGE.txt;1979
H:/Corpus_commission/1973_1982/1979_0077_COM_1979_0183_XM_PACKAGE.txt;1979
H:/Corpus_commission/1973_1982/1979_0244_COM_1979_0724_XM_PACKAGE.txt;1979
H:/Corpus_commission/1973_1982/1979_0095_COM_1979_0234_XM_PACKAGE.txt;1979
H:/Corpus_commission/1973_1982/1979_0253_COM_1979_0764_XM_PACKAGE.txt;1979
H:/Corpus_commission/1973_1982/1979_0247_COM_1979_0734_XM_PACKAGE.txt;1979
H:/Corpus_commission/1973_1982/1979_9012_COM_1979_0153_XM_PACKAGE.txt;1979
H:/Corpus_commission/1973_1982/1979_0221_COM_1979_0655_XM_PACKAGE.txt;1979
H:/Corpus_commission/1973_1982/1979_0148_COM_1979_0415_XM_PACKAGE.txt;1979
H:/Corpus_commission/1973_1982/1979_0077_COM_1979_0182_XM_PACKAGE.txt;1979
H:/Corpus_commission/1973_1982/1979_0245_COM_1979_0729_XM_PACKAGE.txt;1979
H:/Corpus_commission/1973_1982/1979_0122_COM_1979_0330_XM_PACKAGE.txt;1979
H:/Corpus_commission/1973_1982/1979_0120_COM_1979_0317_XM_PACKAGE.txt;1979
H:/Corpus_commission/1973_1982/1979_0136_COM_1979_0378_XM_PACKAGE.txt;1979
H:/Corpus_commission/1973_1982/1979_0151_COM_1979_0430_XM_PACKAGE.txt;1979
H:/Corpus_commission/1973_1982/1979_0130_COM_1979_0350_XM_PACKAGE.txt;1979
H:/Corpus_commission/1973_1982/1980_0156_COM_1980_0444_XM_PACKAGE.txt;1980
H:/Corpus_commission/1973_1982/1980_0019_COM_1980_0048_XM_PACKAGE.txt;1980
H:/Corpus_commission/1973_1982/1980_0056_COM_1980_0186_XM_PACKAGE.txt;1980
H:/Corpus_commission/1973_1982/1980_9007_COM_1980_0371_XM_PACKAGE.txt;1980
H:/Corpus_commission/1973_1982/1980_0109_COM_1980_0306_XM_PACKAGE.txt;1980
H:/Corpus_commission/1973_1982/1980_0053_COM_1980_0169_XM_PACKAGE.txt;1980
H:/Corpus_commission/1973_1982/1980_0160_COM_1980_0464_XM_PACKAGE.txt;1980
H:/Corpus_commission/1973_1982/1980_0009_COM_1980_0016_XM_PACKAGE.txt;1980
H:/Corpus_commission/1973_1982/1980_0112_COM_1980_0316_XM_PACKAGE.txt;1980
H:/Corpus_commission/1973_1982/1980_0013_COM_1980_0027_XM_PACKAGE.txt;1980
H:/Corpus_commission/1973_1982/1980_0266_COM_1980_0835_XM_PACKAGE.txt;1980
H:/Corpus_commission/1973_1982/1980_0223_COM_1980_0705_XM_PACKAGE.txt;1980
H:/Corpus_commission/1973_1982/1980_0107_COM_1980_0290_XM_PACKAGE.txt;1980
H:/Corpus_commission/1973_1982/1980_0129_COM_1980_0360_XM_PACKAGE.txt;1980
H:/Corpus_commission/1973_1982/1980_0110_COM_1980_0307_XM_PACKAGE.txt;1980
H:/Corpus_commission/1973_1982/1980_0030_COM_1980_0088_XM_PACKAGE.txt;1980
H:/Corpus_commission/1973_1982/1980_0229_COM_1980_0725_XM_PACKAGE.txt;1980
H:/Corpus_commission/1973_1982/1980_0184_COM_1980_0575_XM_PACKAGE.txt;1980
H:/Corpus_commission/1973_1982/1980_0046_COM_1980_0141_XM_PACKAGE.txt;1980
H:/Corpus_commission/1973_1982/1980_0014_COM_1980_0030_XM_PACKAGE.txt;1980
H:/Corpus_commission/1973_1982/1980_0158_COM_1980_0453_XM_PACKAGE.txt;1980
H:/Corpus_commission/1973_1982/1980_0148_COM_1980_0415_XM_PACKAGE.txt;1980
H:/Corpus_commission/1973_1982/1980_0022_COM_1980_0057_XM_PACKAGE.txt;1980
H:/Corpus_commission/1973_1982/1980_0108_COM_1980_0299_XM_PACKAGE.txt;1980
H:/Corpus_commission/1973_1982/1980_0266_COM_1980_0834_XM_PACKAGE.txt;1980
H:/Corpus_commission/1973_1982/1980_0277_COM_1980_0884_XM_PACKAGE.txt;1980
H:/Corpus_commission/1973_1982/1980_0129_COM_1980_0361_XM_PACKAGE.txt;1980
H:/Corpus_commission/1973_1982/1980_0048_COM_1980_0154_XM_PACKAGE.txt;1980
H:/Corpus_commission/1973_1982/1980_9010_COM_1980_0633_XM_PACKAGE.txt;1980
H:/Corpus_commission/1973_1982/1980_0105_COM_1980_0277_XM_PACKAGE.txt;1980
H:/Corpus_commission/1973_1982/1980_0034_COM_1980_0104_XM_PACKAGE.txt;1980
H:/Corpus_commission/1973_1982/1980_0289_COM_1980_0922_XM_PACKAGE.txt;1980
H:/Corpus_commission/1973_1982/1980_0159_COM_1980_0460_XM_PACKAGE.txt;1980
H:/Corpus_commission/1973_1982/1980_0030_COM_1980_0090_XM_PACKAGE.txt;1980
H:/Corpus_commission/1973_1982/1980_0061_COM_1980_0202_XM_PACKAGE.txt;1980
H:/Corpus_commission/1973_1982/1980_0275_COM_1980_0876_XM_PACKAGE.txt;1980
H:/Corpus_commission/1973_1982/1980_0101_COM_1980_0265_XM_PACKAGE.txt;1980
H:/Corpus_commission/1973_1982/1980_0193_COM_1980_0612_XM_PACKAGE.txt;1980
H:/Corpus_commission/1973_1982/1980_0268_COM_1980_0844_XM_PACKAGE.txt;1980
H:/Corpus_commission/1973_1982/1980_0289_COM_1980_0926_XM_PACKAGE.txt;1980
H:/Corpus_commission/1973_1982/1981_0114_COM_1981_0364_XM_PACKAGE.txt;1981
H:/Corpus_commission/1973_1982/1981_0107_COM_1981_0331_XM_PACKAGE.txt;1981
H:/Corpus_commission/1973_1982/1981_0033_COM_1981_0127_XM_PACKAGE.txt;1981
H:/Corpus_commission/1973_1982/1981_0082_COM_1981_0227_XM_PACKAGE.txt;1981
H:/Corpus_commission/1973_1982/1981_0145_COM_1981_0484_XM_PACKAGE.txt;1981
H:/Corpus_commission/1973_1982/1981_0230_COM_1981_0822_XM_PACKAGE.txt;1981
H:/Corpus_commission/1973_1982/1981_0097_COM_1981_0299_XM_PACKAGE.txt;1981
H:/Corpus_commission/1973_1982/1981_0212_COM_1981_0738_XM_PACKAGE.txt;1981
H:/Corpus_commission/1973_1982/1981_0189_COM_1981_0624_XM_PACKAGE.txt;1981
H:/Corpus_commission/1973_1982/1981_0194_COM_1981_0648_XM_PACKAGE.txt;1981
H:/Corpus_commission/1973_1982/1981_0226_COM_1981_0808_XM_PACKAGE.txt;1981
H:/Corpus_commission/1973_1982/1981_0001_COM_1981_0003_XM_PACKAGE.txt;1981
H:/Corpus_commission/1973_1982/1981_0036_COM_1981_0143_XM_PACKAGE.txt;1981
H:/Corpus_commission/1973_1982/1981_0107_COM_1981_0332_XM_PACKAGE.txt;1981
H:/Corpus_commission/1973_1982/1981_0176_COM_1981_0577_XM_PACKAGE.txt;1981
H:/Corpus_commission/1973_1982/1981_0125_COM_1981_0402_XM_PACKAGE.txt;1981
H:/Corpus_commission/1973_1982/1981_0140_COM_1981_0450_XM_PACKAGE.txt;1981
H:/Corpus_commission/1973_1982/1981_0088_COM_1981_0257_XM_PACKAGE.txt;1981
H:/Corpus_commission/1973_1982/1981_0205_COM_1981_0703_XM_PACKAGE.txt;1981
H:/Corpus_commission/1973_1982/1981_0084_COM_1981_0234_XM_PACKAGE.txt;1981
H:/Corpus_commission/1973_1982/1981_0108_COM_1981_0338_XM_PACKAGE.txt;1981
H:/Corpus_commission/1973_1982/1981_0022_COM_1981_0079_XM_PACKAGE.txt;1981
H:/Corpus_commission/1973_1982/1981_0201_COM_1981_0683_XM_PACKAGE.txt;1981
H:/Corpus_commission/1973_1982/1981_0096_COM_1981_0295_XM_PACKAGE.txt;1981
H:/Corpus_commission/1973_1982/1981_0008_COM_1981_0037_XM_PACKAGE.txt;1981
H:/Corpus_commission/1973_1982/1981_0008_COM_1981_0038_XM_PACKAGE.txt;1981
H:/Corpus_commission/1973_1982/1981_0229_COM_1981_0820_XM_PACKAGE.txt;1981
H:/Corpus_commission/1973_1982/1981_0098_COM_1981_0305_XM_PACKAGE.txt;1981
H:/Corpus_commission/1973_1982/1981_0201_COM_1981_0685_XM_PACKAGE.txt;1981
H:/Corpus_commission/1973_1982/1981_0221_COM_1981_0778_XM_PACKAGE.txt;1981
H:/Corpus_commission/1973_1982/1981_0113_COM_1981_0360_XM_PACKAGE.txt;1981
H:/Corpus_commission/1973_1982/1981_0144_COM_1981_0479_XM_PACKAGE.txt;1981
H:/Corpus_commission/1973_1982/1981_0019_COM_1981_0063_XM_PACKAGE.txt;1981
H:/Corpus_commission/1973_1982/1981_9014_COM_1981_0618_XM_PACKAGE.txt;1981
H:/Corpus_commission/1973_1982/1981_0188_COM_1981_0621_XM_PACKAGE.txt;1981
H:/Corpus_commission/1973_1982/1981_0120_COM_1981_0390_XM_PACKAGE.txt;1981
H:/Corpus_commission/1973_1982/1981_0175_COM_1981_0571_XM_PACKAGE.txt;1981
H:/Corpus_commission/1973_1982/1981_0226_COM_1981_0807_XM_PACKAGE.txt;1981
H:/Corpus_commission/1973_1982/1981_0126_COM_1981_0406_XM_PACKAGE.txt;1981
H:/Corpus_commission/1973_1982/1981_0118_COM_1981_0382_XM_PACKAGE.txt;1981
H:/Corpus_commission/1973_1982/1982_0173_COM_1982_0524_XM_PACKAGE.txt;1982
H:/Corpus_commission/1973_1982/1982_0192_COM_1982_0613_XM_PACKAGE.txt;1982
H:/Corpus_commission/1973_1982/1982_0097_COM_1982_0247_XM_PACKAGE.txt;1982
H:/Corpus_commission/1973_1982/1982_9008_COM_1982_0333_XM_PACKAGE.txt;1982
H:/Corpus_commission/1973_1982/1982_0190_COM_1982_0602_XM_PACKAGE.txt;1982
H:/Corpus_commission/1973_1982/1982_0176_COM_1982_0543_XM_PACKAGE.txt;1982
H:/Corpus_commission/1973_1982/1982_0182_COM_1982_0575_XM_PACKAGE.txt;1982
H:/Corpus_commission/1973_1982/1982_0267_COM_1982_0867_XM_PACKAGE.txt;1982
H:/Corpus_commission/1973_1982/1982_0126_COM_1982_0355_XM_PACKAGE.txt;1982
H:/Corpus_commission/1973_1982/1982_0100_COM_1982_0253_XM_PACKAGE.txt;1982
H:/Corpus_commission/1973_1982/1982_0030_COM_1982_0081_XM_PACKAGE.txt;1982
H:/Corpus_commission/1973_1982/1982_0108_COM_1982_0284_XM_PACKAGE.txt;1982
H:/Corpus_commission/1973_1982/1982_0220_COM_1982_0707_XM_PACKAGE.txt;1982
H:/Corpus_commission/1973_1982/1982_0032_COM_1982_0094_XM_PACKAGE.txt;1982
H:/Corpus_commission/1973_1982/1982_0207_COM_1982_0658_XM_PACKAGE.txt;1982
H:/Corpus_commission/1973_1982/1982_0271_COM_1982_0899_XM_PACKAGE.txt;1982
H:/Corpus_commission/1973_1982/1982_0059_COM_1982_0187_XM_PACKAGE.txt;1982
H:/Corpus_commission/1973_1982/1982_0035_COM_1982_0096_XM_PACKAGE.txt;1982
H:/Corpus_commission/1973_1982/1982_0017_COM_1982_0049_XM_PACKAGE.txt;1982
H:/Corpus_commission/1973_1982/1982_0231_COM_1982_0771_XM_PACKAGE.txt;1982
H:/Corpus_commission/1973_1982/1982_0174_COM_1982_0533_XM_PACKAGE.txt;1982
H:/Corpus_commission/1973_1982/1982_0142_COM_1982_0427_XM_PACKAGE.txt;1982
H:/Corpus_commission/1973_1982/1982_0117_COM_1982_0325_XM_PACKAGE.txt;1982
H:/Corpus_commission/1973_1982/1982_0095_COM_1982_0242_XM_PACKAGE.txt;1982
H:/Corpus_commission/1973_1982/1982_0177_COM_1982_0548_XM_PACKAGE.txt;1982
H:/Corpus_commission/1973_1982/1982_0229_COM_1982_0755_XM_PACKAGE.txt;1982
H:/Corpus_commission/1973_1982/1982_0031_COM_1982_0086_XM_PACKAGE.txt;1982
H:/Corpus_commission/1973_1982/1982_0269_COM_1982_0885_XM_PACKAGE.txt;1982
H:/Corpus_commission/1973_1982/1982_0049_COM_1982_0156_XM_PACKAGE.txt;1982
H:/Corpus_commission/1973_1982/1982_0029_COM_1982_0075_XM_PACKAGE.txt;1982
H:/Corpus_commission/1973_1982/1982_0238_COM_1982_0789_XM_PACKAGE.txt;1982
H:/Corpus_commission/1973_1982/1982_0158_COM_1982_0473_XM_PACKAGE.txt;1982
H:/Corpus_commission/1973_1982/1982_0189_COM_1982_0596_XM_PACKAGE.txt;1982
H:/Corpus_commission/1973_1982/1982_0072_COM_1982_0200_XM_PACKAGE.txt;1982
H:/Corpus_commission/1973_1982/1982_0205_COM_1982_0655_XM_PACKAGE.txt;1982
H:/Corpus_commission/1973_1982/1982_0146_COM_1982_0440_XM_PACKAGE.txt;1982
H:/Corpus_commission/1973_1982/1982_0268_COM_1982_0878_XM_PACKAGE.txt;1982
H:/Corpus_commission/1973_1982/1982_0251_COM_1982_0823_XM_PACKAGE.txt;1982
H:/Corpus_commission/1973_1982/1982_0166_COM_1982_0493_XM_PACKAGE.txt;1982
H:/Corpus_commission/1973_1982/1982_0026_COM_1982_0064_XM_PACKAGE.txt;1982
