value,stem
cereals,cereal
country,countri
agreement,agreement
products,product
protocol,protocol
certificate,certif
budget,budget
community,commun
social,social
test,test
aid,aid
law,law
hops,hop
transport,transport
member,member
staff,staff
weight,weight
price,price
agricultural,agricultur
committee,committe
member,member
vehicles,vehicl
regional,region
expenditure,expenditur
cf,cf
directive,direct
directive,direct
milk,milk
light,light
fabrics,fabric
fruit,fruit
project,project
number,number
fund,fund
countries,countri
community,commun
regulation,regul
united,unit
pollution,pollut
eggs,egg
tho,tho
cocoa,cocoa
type,type
coal,coal
seed,seed
company,compani
nuclear,nuclear
article,articl
commission,commiss
tender,tender
contracting,contract
customs,custom
project,project
woven,woven
energy,energi
paper,paper
apparatus,apparatu
credit,credit
holdings,hold
aid,aid
group,group
fishing,fish
including,includ
programme,programm
economic,econom
community,commun
tax,tax
tho,tho
export,export
republic,republ
data,data
products,product
tion,tion
sugar,sugar
intervention,intervent
market,market
compensatory,compensatori
products,product
beef,beef
products,product
community,commun
steel,steel
wine,wine
varieties,varieti
tariff,tariff
amounts,amount
goods,good
securities,secur
financial,financi
system,system
directive,direct
convention,convent
community,commun
member,member
convention,convent
treaty,treati
description,descript
programme,programm
car,car
member,member
amounts,amount
fund,fund
article,articl
commission,commiss
securities,secur
directive,direct
products,product
tax,tax
including,includ
product,product
contract,contract
agreement,agreement
contracting,contract
test,test
increase,increas
description,descript
member,member
convention,convent
holdings,hold
regulation,regul
project,project
products,product
member,member
coal,coal
fishing,fish
products,product
tho,tho
amounts,amount
price,price
aid,aid
european,european
social,social
tender,tender
energy,energi
goods,good
pollution,pollut
type,type
seed,seed
expenditure,expenditur
transport,transport
country,countri
economic,econom
regional,region
agreement,agreement
countries,countri
community,commun
programme,programm
kingdom,kingdom
woven,woven
company,compani
coal,coal
tax,tax
material,materi
education,educ
staff,staff
employment,employ
convention,convent
energy,energi
GATT,GATT
regulation,regul
aid,aid
fishing,fish
benefits,benefit
research,research
rate,rate
member,member
nuclear,nuclear
aid,aid
expenditure,expenditur
countries,countri
community,commun
information,inform
price,price
fund,fund
eec,eec
goods,good
financial,financi
Ireland,Ireland
meat,meat
agreement,agreement
test,test
countries,countri
milk,milk
north,north
products,product
textile,textil
member,member
wine,wine
weight,weight
countries,countri
production,product
safety,safeti
description,descript
paper,paper
products,product
commission,commiss
tho,tho
contracting,contract
transport,transport
Portugal,Portug
including,includ
agreement,agreement
training,train
prices,price
aid,aid
energy,energi
quotas,quota
community,commun
textile,textil
tax,tax
support,support
member,member
kingdom,kingdom
convention,convent
eec,eec
fishing,fish
staff,staff
community,commun
steel,steel
regions,region
appropriations,appropri
acp,acp
regulation,regul
Ecu,Ecu
eec,eec
goods,good
time,time
ii,ii
member,member
participants,particip
technology,technologi
directive,direct
mm,mm
appropriations,appropri
price,price
will,will
community,commun
ECSC,ECSC
limit,limit
benefits,benefit
community,commun
programme,programm
community,commun
regulation,regul
wine,wine
duty,duti
nuclear,nuclear
tariff,tariff
products,product
economic,econom
amounts,amount
recipient,recipi
community,commun
countries,countri
products,product
goods,good
financial,financi
policy,polici
workers,worker
gas,ga
expenditure,expenditur
rights,right
reagents,reagent
road,road
grouping,group
benefits,benefit
cheese,chees
prices,price
oil,oil
commission,commiss
states,state
european,european
regions,region
appropriation,appropri
ii,ii
areas,area
products,product
butter,butter
lights,light
textile,textil
sugar,sugar
will,will
order,order
assistance,assist
cooperation,cooper
production,product
eec,eec
kingdom,kingdom
water,water
meat,meat
tha,tha
de,de
approval,approv
decision,decis
department,depart
board,board
material,materi
paragraph,paragraph
council,council
invitation,invit
agent,agent
transit,transit
subsidy,subsidi
cotton,cotton
oil,oil
products,product
machines,machin
insurance,insur
income,incom
food,food
undertaking,undertak
community,commun
articles,articl
will,will
policy,polici
agreement,agreement
taxable,taxabl
bo,bo
regulation,regul
french,french
statistics,statist
manufacture,manufactur
pro,pro
price,price
agency,agenc
products,product
amounts,amount
fish,fish
meat,meat
community,commun
european,european
will,will
wines,wine
list,list
customs,custom
compensatory,compensatori
customs,custom
member,member
year,year
will,will
states,state
pollution,pollut
association,associ
quota,quota
protocol,protocol
commerce,commerc
products,product
reactor,reactor
disease,diseas
article,articl
cereals,cereal
decision,decis
member,member
council,council
quantitative,quantit
products,product
customs,custom
project,project
products,product
vehicles,vehicl
credit,credit
community,commun
party,parti
gas,ga
community,commun
products,product
states,state
protocol,protocol
income,incom
eec,eec
subsidy,subsidi
countries,countri
quota,quota
steel,steel
fish,fish
originating,origin
bo,bo
meat,meat
prices,price
milk,milk
data,data
workers,worker
intervention,intervent
oil,oil
customs,custom
environment,environ
approval,approv
paper,paper
financial,financi
road,road
recipient,recipi
policy,polici
areas,area
market,market
developing,develop
will,will
nuclear,nuclear
Ireland,Ireland
cotton,cotton
board,board
steel,steel
trade,trade
agency,agenc
training,train
officials,offici
workers,worker
parties,parti
oil,oil
tariff,tariff
eec,eec
agricultural,agricultur
vessels,vessel
State,State
programme,programm
growth,growth
quota,quota
agreement,agreement
projects,project
appropriations,appropri
acp,acp
states,state
data,data
marketing,market
regional,region
council,council
customs,custom
loans,loan
united,unit
animals,anim
community,commun
type,type
community,commun
products,product
convention,convent
manufacture,manufactur
fabrics,fabric
article,articl
wines,wine
sugar,sugar
community,commun
community,commun
directive,direct
products,product
including,includ
community,commun
council,council
tha,tha
task,task
traffic,traffic
portuguese,portugues
apparatus,apparatu
community,commun
fund,fund
agricultural,agricultur
programme,programm
oil,oil
leather,leather
republic,republ
products,product
price,price
project,project
states,state
united,unit
parties,parti
council,council
vessels,vessel
appropriation,appropri
production,product
will,will
development,develop
expenditure,expenditur
financing,financ
article,articl
projects,project
regulation,regul
transport,transport
working,work
june,june
quota,quota
will,will
activities,activ
protection,protect
tho,tho
Ecu,Ecu
aid,aid
commission,commiss
Spain,Spain
coal,coal
intake,intak
member,member
development,develop
projects,project
countries,countri
eec,eec
wines,wine
excluding,exclud
waste,wast
customs,custom
paper,paper
policy,polici
wheat,wheat
european,european
parties,parti
community,commun
originating,origin
customs,custom
expenditure,expenditur
member,member
employment,employ
pressure,pressur
amount,amount
court,court
area,area
traffic,traffic
checks,check
security,secur
exceeding,exceed
market,market
products,product
members,member
Netherlands,Netherland
project,project
development,develop
staff,staff
ir,ir
article,articl
product,product
regulation,regul
bmw,bmw
yarn,yarn
products,product
equipment,equip
time,time
decision,decis
developing,develop
increase,increas
article,articl
Ireland,Ireland
environment,environ
poultry,poultri
Malta,Malta
member,member
vehicle,vehicl
industry,industri
directive,direct
european,european
agency,agenc
parliament,parliament
proposal,propos
tenders,tender
operating,oper
goods,good
regulation,regul
fabrics,fabric
power,power
imports,import
products,product
insurer,insur
farm,farm
countries,countri
undertakings,undertak
species,speci
worked,work
work,work
monetary,monetari
european,european
directive,direct
tha,tha
levy,levi
italian,italian
survey,survei
product,product
con,con
intervention,intervent
storage,storag
oil,oil
amount,amount
community,commun
animals,anim
imports,import
decision,decis
products,product
alcohol,alcohol
product,product
duties,duti
monetary,monetari
duties,duti
authorities,author
expenditure,expenditur
level,level
annex,annex
sea,sea
acp,acp
states,state
contracting,contract
exchange,exchang
member,member
materials,materi
safety,safeti
states,state
compensatory,compensatori
council,council
provisions,provis
committee,committe
textiles,textil
substances,substanc
weight,weight
taxable,taxabl
heading,head
tha,tha
contracts,contract
european,european
parties,parti
pressure,pressur
production,product
de,de
State,State
agreement,agreement
farm,farm
article,articl
aid,aid
community,commun
states,state
decision,decis
staff,staff
protocol,protocol
cf,cf
compensatory,compensatori
market,market
food,food
projects,project
employment,employ
invitation,invit
community,commun
duties,duti
water,water
vehicle,vehicl
products,product
budget,budget
traffic,traffic
community,commun
member,member
regions,region
products,product
states,state
commission,commiss
materials,materi
united,unit
fabrics,fabric
european,european
aid,aid
duty,duti
quotas,quota
social,social
court,court
work,work
contracting,contract
coal,coal
cheese,chees
article,articl
measures,measur
community,commun
persons,person
project,project
economic,econom
states,state
community,commun
food,food
budget,budget
convention,convent
member,member
statistics,statist
prices,price
regions,region
regulation,regul
community,commun
capital,capit
kingdom,kingdom
health,health
european,european
requirements,requir
international,intern
agricultural,agricultur
west,west
heading,head
woven,woven
states,state
table,tabl
rate,rate
agricultural,agricultur
million,million
substances,substanc
member,member
excluding,exclud
imports,import
proposed,propos
froa,froa
committee,committe
road,road
treaty,treati
parts,part
european,european
people,peopl
rate,rate
food,food
projects,project
products,product
protocol,protocol
woven,woven
cigarettes,cigarett
de,de
article,articl
Ireland,Ireland
protocol,protocol
decision,decis
vessel,vessel
officials,offici
year,year
coal,coal
aid,aid
budget,budget
financial,financi
council,council
mio,mio
commission,commiss
customs,custom
workers,worker
ot,ot
states,state
annex,annex
european,european
health,health
vehicle,vehicl
expenditure,expenditur
prices,price
community,commun
products,product
loan,loan
annual,annual
State,State
policy,polici
data,data
commission,commiss
article,articl
origin,origin
rates,rate
reprocessing,reprocess
products,product
ceilings,ceil
growth,growth
products,product
community,commun
negotiations,negoti
tariff,tariff
agreement,agreement
movement,movement
appropriations,appropri
states,state
labour,labour
appliance,applianc
commission,commiss
period,period
areas,area
carriage,carriag
states,state
employed,emploi
cheese,chees
year,year
common,common
chairman,chairman
Italy,Itali
education,educ
aircraft,aircraft
appropriations,appropri
ar,ar
farming,farm
substances,substanc
eec,eec
Brazil,Brazil
fibres,fibr
weight,weight
oil,oil
conditions,condit
council,council
trade,trade
prices,price
council,council
nederland,nederland
protection,protect
gate,gate
protocol,protocol
buffer,buffer
vehicles,vehicl
ECSC,ECSC
marketing,market
employees,employe
materials,materi
european,european
draft,draft
tenderer,tender
executive,execut
office,offic
guidance,guidanc
fibres,fibr
electricity,electr
community,commun
including,includ
contract,contract
labour,labour
tons,ton
accounts,account
catch,catch
heading,head
projects,project
countries,countri
economic,econom
goods,good
artiole,artiol
eec,eec
federal,feder
processing,process
exceed,exce
ment,ment
year,year
metric,metric
article,articl
applicable,applic
fishery,fisheri
veal,veal
quantitative,quantit
commission,commiss
treaty,treati
table,tabl
vine,vine
common,common
regulation,regul
processing,process
directive,direct
account,account
situation,situat
provisions,provis
parties,parti
Greece,Greec
community,commun
party,parti
agreements,agreement
airport,airport
nuclear,nuclear
foot,foot
State,State
products,product
assistance,assist
states,state
decision,decis
authorities,author
product,product
tariff,tariff
will,will
articles,articl
produot,produot
insurer,insur
trade,trade
agreement,agreement
directive,direct
countries,countri
member,member
directive,direct
article,articl
labour,labour
regard,regard
guidance,guidanc
tariff,tariff
community,commun
ECSC,ECSC
community,commun
manufacture,manufactur
tha,tha
beef,beef
year,year
powder,powder
industry,industri
training,train
butter,butter
power,power
processing,process
protection,protect
directive,direct
community,commun
appropriations,appropri
carriage,carriag
european,european
community,commun
agricultural,agricultur
article,articl
cooperation,cooper
development,develop
project,project
member,member
fibres,fibr
companies,compani
ECSC,ECSC
community,commun
facility,facil
european,european
financial,financi
social,social
sea,sea
gas,ga
products,product
council,council
areas,area
zone,zone
social,social
field,field
policy,polici
tariff,tariff
material,materi
countries,countri
financial,financi
territories,territori
commission,commiss
survey,survei
year,year
assistance,assist
directive,direct
transit,transit
credit,credit
Netherlands,Netherland
animal,anim
economic,econom
pressure,pressur
agreement,agreement
intervention,intervent
fisheries,fisheri
product,product
knitted,knit
directive,direct
grape,grape
fruit,fruit
regions,region
increase,increas
environment,environ
port,port
products,product
countries,countri
proposals,propos
whioh,whioh
executive,execut
air,air
commerce,commerc
products,product
protocol,protocol
young,young
inflation,inflat
countries,countri
gas,ga
articles,articl
european,european
fabrics,fabric
tobacco,tobacco
projects,project
directive,direct
total,total
commerce,commerc
regulation,regul
fisheries,fisheri
cover,cover
prices,price
sheet,sheet
measures,measur
Ecu,Ecu
cooperation,cooper
eec,eec
fund,fund
council,council
member,member
employment,employ
ir,ir
tariff,tariff
storage,storag
scientific,scientif
committee,committe
identification,identif
total,total
production,product
council,council
countries,countri
steel,steel
inhalation,inhal
institution,institut
states,state
project,project
imports,import
price,price
distillation,distil
bound,bound
fuel,fuel
common,common
imports,import
rate,rate
rice,rice
economic,econom
contracting,contract
preferences,prefer
community,commun
authorities,author
year,year
commission,commiss
working,work
water,water
granted,grant
contract,contract
uranium,uranium
goods,good
members,member
health,health
net,net
marketing,market
rate,rate
working,work
kingdom,kingdom
local,local
industry,industri
technical,technic
en,en
agricultural,agricultur
foodstuffs,foodstuff
powder,powder
eec,eec
woven,woven
ii,ii
water,water
special,special
social,social
development,develop
market,market
regard,regard
danmark,danmark
waste,wast
sluice,sluic
froa,froa
stock,stock
directive,direct
AIDS,AIDS
material,materi
management,manag
uranium,uranium
text,text
will,will
agency,agenc
task,task
transport,transport
agricultural,agricultur
man,man
community,commun
ceilings,ceil
parts,part
guarantee,guarante
ua,ua
community,commun
article,articl
sea,sea
iron,iron
development,develop
rate,rate
government,govern
services,servic
whioh,whioh
rice,rice
decision,decis
european,european
materials,materi
tions,tion
production,product
agencies,agenc
companies,compani
trade,trade
references,refer
bovine,bovin
trade,trade
regard,regard
ECSC,ECSC
distillation,distil
class,class
community,commun
eec,eec
import,import
State,State
budget,budget
time,time
laws,law
tho,tho
states,state
share,share
article,articl
navigation,navig
fabrics,fabric
jrc,jrc
doors,door
provisions,provis
rice,rice
social,social
paragraph,paragraph
european,european
arrangement,arrang
annex,annex
fruit,fruit
rate,rate
machines,machin
agreement,agreement
amount,amount
economic,econom
agent,agent
equipment,equip
prices,price
port,port
law,law
treaty,treati
ua,ua
council,council
agricultural,agricultur
states,state
tariff,tariff
treaty,treati
fishery,fisheri
certificate,certif
ir,ir
animals,anim
marketing,market
skimmed,skim
programme,programm
work,work
tenders,tender
supply,suppli
authorities,author
environmental,environment
eec,eec
imports,import
year,year
system,system
agreement,agreement
monetary,monetari
development,develop
undertakings,undertak
community,commun
action,action
material,materi
Italy,Itali
man,man
group,group
industry,industri
mark,mark
inventory,inventori
activities,activ
communities,commun
working,work
party,parti
community,commun
trade,trade
regard,regard
number,number
species,speci
member,member
development,develop
rates,rate
community,commun
fuel,fuel
million,million
eua,eua
states,state
policy,polici
statistical,statist
market,market
projects,project
decision,decis
authorities,author
interest,interest
member,member
fresh,fresh
protocol,protocol
equipment,equip
developing,develop
market,market
contracting,contract
textile,textil
products,product
provisions,provis
article,articl
products,product
industrial,industri
prices,price
health,health
date,date
articles,articl
Greece,Greec
present,present
ths,th
operating,oper
services,servic
agreements,agreement
articles,articl
economic,econom
social,social
rates,rate
Ecu,Ecu
coal,coal
subject,subject
agreement,agreement
fibres,fibr
excise,excis
committee,committe
State,State
figures,figur
states,state
community,commun
north,north
financial,financi
market,market
hot,hot
programme,programm
council,council
loans,loan
commission,commiss
regional,region
directive,direct
community,commun
work,work
tha,tha
community,commun
operating,oper
development,develop
environment,environ
consisting,consist
payments,payment
market,market
level,level
spanish,spanish
will,will
exposure,exposur
article,articl
commission,commiss
systems,system
trade,trade
regard,regard
products,product
machines,machin
sludge,sludg
duty,duti
states,state
countries,countri
regulation,regul
agreement,agreement
economic,econom
states,state
decision,decis
article,articl
commission,commiss
will,will
work,work
measuring,measur
guarantee,guarante
authority,author
tissue,tissu
vehicles,vehicl
irregularities,irregular
allowance,allow
content,content
fixed,fix
olive,oliv
representatives,repres
Germany,Germani
motor,motor
industrial,industri
cover,cover
de,de
eec,eec
acid,acid
skimmed,skim
coffee,coffe
silk,silk
exceeding,exceed
support,support
general,gener
european,european
community,commun
world,world
commission,commiss
irish,irish
environmental,environment
cuts,cut
produot,produot
export,export
eec,eec
aid,aid
species,speci
supervisory,supervisori
inventory,inventori
proposal,propos
proposed,propos
intervention,intervent
party,parti
document,document
eec,eec
flax,flax
supply,suppli
wood,wood
machinery,machineri
amount,amount
ha,ha
programme,programm
assets,asset
measures,measur
rolled,roll
field,field
will,will
trade,trade
rate,rate
ho,ho
article,articl
Germany,Germani
industry,industri
finished,finish
well,well
marketing,market
tons,ton
agreement,agreement
member,member
repealed,repeal
premium,premium
textiles,textil
member,member
article,articl
article,articl
variety,varieti
duty,duti
amount,amount
origin,origin
company,compani
article,articl
problems,problem
member,member
protocol,protocol
convention,convent
shares,share
council,council
notes,note
port,port
will,will
mouth,mouth
community,commun
wheat,wheat
article,articl
commission,commiss
community,commun
products,product
sea,sea
duties,duti
amount,amount
parts,part
motor,motor
guarantee,guarante
products,product
operating,oper
water,water
year,year
airport,airport
national,nation
council,council
ha,ha
commission,commiss
regulation,regul
preferences,prefer
share,share
will,will
species,speci
article,articl
ar,ar
veal,veal
intervention,intervent
tons,ton
community,commun
benefits,benefit
export,export
electricity,electr
import,import
waste,wast
vehicles,vehicl
ceilings,ceil
appropriation,appropri
goods,good
economic,econom
states,state
directive,direct
prices,price
trade,trade
problems,problem
technical,technic
states,state
articles,articl
employees,employe
commission,commiss
price,price
nuclear,nuclear
poverty,poverti
contract,contract
labour,labour
protocol,protocol
support,support
concessions,concess
european,european
production,product
catches,catch
insurance,insur
projects,project
increase,increas
shares,share
party,parti
programme,programm
appropriation,appropri
article,articl
economic,econom
work,work
aid,aid
training,train
commission,commiss
State,State
accounts,account
Italy,Itali
veterinary,veterinari
republic,republ
apparatus,apparatu
cooperation,cooper
common,common
party,parti
materials,materi
community,commun
commission,commiss
quality,qualiti
duty,duti
Spain,Spain
market,market
protection,protect
european,european
similar,similar
customs,custom
meeting,meet
produot,produot
agreement,agreement
railway,railwai
exchange,exchang
heading,head
republic,republ
employment,employ
incomes,incom
milk,milk
heat,heat
textile,textil
mission,mission
quantitative,quantit
member,member
contract,contract
commission,commiss
year,year
contracting,contract
commission,commiss
catches,catch
expenditure,expenditur
tonnes,tonn
peat,peat
special,special
appropriation,appropri
technical,technic
community,commun
loans,loan
community,commun
states,state
temporary,temporari
tho,tho
shares,share
task,task
fast,fast
programme,programm
gas,ga
budget,budget
products,product
problems,problem
accession,access
commission,commiss
exposed,expos
legislation,legisl
will,will
will,will
arrangement,arrang
marketing,market
alcohol,alcohol
products,product
materials,materi
Ecu,Ecu
duties,duti
investment,invest
applicable,applic
delivery,deliveri
party,parti
islands,island
joint,joint
State,State
total,total
economic,econom
training,train
level,level
financing,financ
legal,legal
typing,type
inland,inland
contract,contract
social,social
Spain,Spain
products,product
measures,measur
meetings,meet
Luxembourg,Luxembourg
EDF,EDF
region,region
account,account
er,er
land,land
annex,annex
products,product
illuminating,illumin
garments,garment
heading,head
production,product
case,case
article,articl
international,intern
countries,countri
european,european
northern,northern
quality,qualiti
fat,fat
product,product
beans,bean
requirements,requir
coke,coke
agriculture,agricultur
companies,compani
safeguards,safeguard
provisions,provis
proposals,propos
contract,contract
agreement,agreement
documents,document
will,will
articles,articl
nuclear,nuclear
pulp,pulp
ii,ii
directive,direct
family,famili
milk,milk
directive,direct
zone,zone
steel,steel
action,action
growth,growth
Bangladesh,Bangladesh
member,member
ia,ia
refund,refund
german,german
statistical,statist
originating,origin
ments,ment
tobacco,tobacco
quantity,quantiti
undertakings,undertak
states,state
consolidation,consolid
slaughter,slaughter
countries,countri
states,state
market,market
products,product
authorised,authoris
products,product
competent,compet
authorities,author
quotation,quotat
european,european
problem,problem
maximum,maximum
mediterranean,mediterranean
originating,origin
tariff,tariff
government,govern
commercial,commerci
european,european
energy,energi
lift,lift
measures,measur
applicable,applic
european,european
council,council
member,member
community,commun
medicinal,medicin
ii,ii
oil,oil
apparatus,apparatu
froa,froa
payment,payment
republic,republ
executive,execut
appliance,applianc
situation,situat
fabrics,fabric
undertakings,undertak
force,forc
family,famili
community,commun
eec,eec
member,member
State,State
market,market
annex,annex
goods,good
ii,ii
eggs,egg
sugar,sugar
countries,countri
development,develop
working,work
agency,agenc
production,product
transit,transit
quality,qualiti
member,member
commission,commiss
staff,staff
vehicles,vehicl
delivery,deliveri
policies,polici
farming,farm
competition,competit
acp,acp
general,gener
reactor,reactor
rate,rate
flax,flax
article,articl
million,million
goods,good
leather,leather
services,servic
european,european
training,train
international,intern
electricity,electr
negotiations,negoti
community,commun
eec,eec
fishery,fisheri
legislation,legisl
action,action
monetary,monetari
share,share
Australia,Australia
financing,financ
article,articl
products,product
european,european
commission,commiss
production,product
priority,prioriti
accession,access
country,countri
account,account
Germany,Germani
bovine,bovin
council,council
electrical,electr
trade,trade
cereals,cereal
commission,commiss
originating,origin
crocheted,crochet
State,State
regulation,regul
acid,acid
regional,region
year,year
water,water
airport,airport
heading,head
duties,duti
proposal,propos
end,end
agent,agent
vehicles,vehicl
land,land
electrical,electr
council,council
vocational,vocat
agriculture,agricultur
developing,develop
community,commun
including,includ
communities,commun
knitted,knit
retail,retail
supplies,suppli
provisions,provis
planned,plan
acp,acp
december,decemb
species,speci
budget,budget
consumption,consumpt
brown,brown
regional,region
community,commun
export,export
proposal,propos
investment,invest
amended,amend
State,State
hours,hour
il,il
share,share
agent,agent
programme,programm
safety,safeti
figures,figur
compulsory,compulsori
marketing,market
order,order
Portugal,Portug
industry,industri
air,air
regulation,regul
member,member
study,studi
GATT,GATT
year,year
description,descript
including,includ
safety,safeti
falling,fall
hellenic,hellen
public,public
falling,fall
aid,aid
provisions,provis
member,member
Portugal,Portug
form,form
resources,resourc
common,common
women,women
appliances,applianc
guidance,guidanc
treaty,treati
varieties,varieti
tariffs,tariff
control,control
employment,employ
spanish,spanish
account,account
seed,seed
opinion,opinion
Ireland,Ireland
educational,educ
population,popul
posts,post
cr,cr
farm,farm
medicinal,medicin
price,price
fog,fog
articles,articl
content,content
projects,project
carried,carri
operations,oper
states,state
year,year
amended,amend
italia,italia
effects,effect
carcases,carcas
textile,textil
air,air
member,member
undertakings,undertak
council,council
general,gener
Canada,Canada
provision,provis
adopted,adopt
supply,suppli
committee,committe
authorities,author
aid,aid
wool,wool
stations,station
duties,duti
articles,articl
insured,insur
pigs,pig
metric,metric
annual,annual
vessels,vessel
example,exampl
technical,technic
measures,measur
republic,republ
taxation,taxat
provided,provid
market,market
measures,measur
community,commun
working,work
sion,sion
white,white
stocks,stock
competition,competit
accession,access
fishing,fish
frozen,frozen
arrangement,arrang
council,council
iron,iron
growing,grow
apples,appl
falling,fall
authorities,author
taxes,tax
competent,compet
appropriations,appropri
large,larg
values,valu
contracting,contract
council,council
State,State
ratification,ratif
agreement,agreement
address,address
staff,staff
inspection,inspect
referred,refer
regulation,regul
operations,oper
directive,direct
states,state
textile,textil
foodstuffs,foodstuff
sugar,sugar
services,servic
metal,metal
bureaux,bureaux
insured,insur
negotiations,negoti
committee,committe
type,type
will,will
destination,destin
community,commun
states,state
survey,survei
european,european
fund,fund
islands,island
shares,share
undertakings,undertak
sea,sea
movement,movement
ia,ia
amount,amount
production,product
community,commun
processing,process
women,women
decision,decis
nuclear,nuclear
origin,origin
states,state
requirements,requir
member,member
article,articl
regulation,regul
aid,aid
measures,measur
region,region
commission,commiss
aid,aid
international,intern
energy,energi
italian,italian
knitted,knit
management,manag
decision,decis
excise,excis
flax,flax
national,nation
regulations,regul
women,women
article,articl
projects,project
import,import
proposal,propos
farms,farm
fish,fish
person,person
work,work
countries,countri
State,State
reactor,reactor
project,project
year,year
lome,lome
action,action
system,system
fixed,fix
programmes,programm
december,decemb
duties,duti
year,year
states,state
disease,diseas
article,articl
system,system
negotiations,negoti
beef,beef
latitude,latitud
exceed,exce
fibres,fibr
committee,committe
alcohol,alcohol
content,content
population,popul
consumption,consumpt
pollution,pollut
address,address
january,januari
arrangements,arrang
communication,commun
artiole,artiol
party,parti
international,intern
notes,note
duty,duti
article,articl
operations,oper
development,develop
powder,powder
electricity,electr
category,categori
general,gener
community,commun
total,total
centre,centr
respect,respect
construction,construct
treaty,treati
european,european
zone,zone
committee,committe
countries,countri
steels,steel
measure,measur
oj,oj
terms,term
member,member
community,commun
portuguese,portugues
transit,transit
reduction,reduct
oi,oi
State,State
participant,particip
Europe,Europ
work,work
test,test
financial,financi
commission,commiss
view,view
will,will
article,articl
public,public
person,person
action,action
development,develop
agreements,agreement
community,commun
price,price
south,south
energy,energi
duties,duti
countries,countri
rates,rate
compensatory,compensatori
goods,good
concluded,conclud
duties,duti
article,articl
certificates,certif
will,will
european,european
action,action
sound,sound
projects,project
commercial,commerci
northern,northern
system,system
regulation,regul
july,juli
fat,fat
community,commun
agriculture,agricultur
set,set
Belgium,Belgium
based,base
areas,area
council,council
ti,ti
development,develop
states,state
tender,tender
reflex,reflex
waste,wast
falling,fall
community,commun
will,will
training,train
associated,associ
will,will
applicable,applic
ii,ii
health,health
pig,pig
produota,produota
certificate,certif
seat,seat
market,market
certified,certifi
meeting,meet
euratom,euratom
amended,amend
meeting,meet
successful,success
parties,parti
control,control
fund,fund
linen,linen
production,product
customs,custom
heading,head
export,export
alu,alu
butteroil,butteroil
companies,compani
waters,water
plates,plate
activities,activ
term,term
products,product
amount,amount
counoil,counoil
tender,tender
article,articl
systems,system
heading,head
nity,niti
prices,price
quantities,quantiti
sales,sale
products,product
frozen,frozen
animal,anim
import,import
article,articl
undertakings,undertak
quality,qualiti
de,de
subheading,subhead
conditions,condit
products,product
states,state
accounts,account
view,view
equipment,equip
marine,marin
agreement,agreement
reserves,reserv
force,forc
arab,arab
communities,commun
data,data
door,door
application,applic
amount,amount
february,februari
measures,measur
draft,draft
limits,limit
acid,acid
exceeding,exceed
taxation,taxat
falling,fall
territory,territori
grouping,group
imports,import
task,task
tests,test
market,market
european,european
legal,legal
commerce,commerc
pigs,pig
products,product
granted,grant
article,articl
tons,ton
article,articl
allowance,allow
customs,custom
ho,ho
regulation,regul
wine,wine
metric,metric
will,will
health,health
market,market
stations,station
country,countri
action,action
light,light
wood,wood
commission,commiss
inland,inland
goods,good
will,will
population,popul
trade,trade
associated,associ
policy,polici
activities,activ
Netherlands,Netherland
textile,textil
supervisory,supervisori
AIDS,AIDS
taxes,tax
information,inform
health,health
official,offici
hours,hour
states,state
consumption,consumpt
community,commun
commission,commiss
holdings,hold
fisheries,fisheri
employed,emploi
committee,committe
investment,invest
reserves,reserv
safeguards,safeguard
eua,eua
cover,cover
decision,decis
measures,measur
surveys,survei
sugar,sugar
meua,meua
community,commun
office,offic
assets,asset
France,Franc
swine,swine
cooperation,cooper
technical,technic
agreements,agreement
aid,aid
area,area
finished,finish
agreement,agreement
referred,refer
distillation,distil
exceeding,exceed
development,develop
tonnes,tonn
effects,effect
destination,destin
republic,republ
accession,access
period,period
produots,produot
information,inform
railways,railwai
navigation,navig
falling,fall
letters,letter
applications,applic
terms,term
total,total
demonstration,demonstr
rubber,rubber
directorate,director
garments,garment
harmonization,harmon
equipment,equip
paragraph,paragraph
Netherlands,Netherland
sea,sea
oj,oj
fishery,fisheri
posts,post
increase,increas
development,develop
community,commun
general,gener
article,articl
regard,regard
total,total
june,june
services,servic
social,social
ar,ar
reserves,reserv
energy,energi
technological,technolog
substances,substanc
weight,weight
commitments,commit
increase,increas
years,year
transitional,transit
aid,aid
workers,worker
employed,emploi
economic,econom
european,european
negotiations,negoti
quality,qualiti
packages,packag
steel,steel
power,power
subheading,subhead
annex,annex
monetary,monetari
referred,refer
eec,eec
article,articl
article,articl
committee,committe
eur,eur
chapter,chapter
measures,measur
migrant,migrant
rate,rate
agricultural,agricultur
protection,protect
harvest,harvest
vehicle,vehicl
national,nation
family,famili
milk,milk
reference,refer
marketing,market
advisory,advisori
united,unit
Europe,Europ
employment,employ
expenses,expens
il,il
measures,measur
content,content
article,articl
lighting,light
knitted,knit
excluding,exclud
development,develop
period,period
february,februari
aid,aid
consumption,consumpt
force,forc
britain,britain
lead,lead
products,product
nnd,nnd
par,par
point,point
coking,coke
plant,plant
members,member
balance,balanc
committee,committe
concerning,concern
port,port
participants,particip
declaration,declar
article,articl
knitted,knit
consumption,consumpt
commission,commiss
rate,rate
bank,bank
returning,return
powder,powder
balance,balanc
zones,zone
metal,metal
studies,studi
balance,balanc
letter,letter
taxes,tax
aro,aro
fixed,fix
commission,commiss
surveys,survei
processing,process
commu,commu
account,account
held,held
trade,trade
community,commun
producers,produc
processing,process
cotton,cotton
treaty,treati
production,product
grape,grape
description,descript
countries,countri
subheading,subhead
country,countri
ciuts,ciut
payment,payment
national,nation
technical,technic
dumping,dump
products,product
tons,ton
paragraph,paragraph
Egypt,Egypt
destination,destin
project,project
eec,eec
commission,commiss
eec,eec
training,train
proposal,propos
proposal,propos
units,unit
mediterranean,mediterranean
falling,fall
system,system
ii,ii
produota,produota
export,export
article,articl
agency,agenc
measuring,measur
world,world
communities,commun
provisions,provis
accession,access
land,land
amended,amend
will,will
imports,import
reserves,reserv
commission,commiss
servants,servant
community,commun
io,io
monetary,monetari
community,commun
programme,programm
aircraft,aircraft
labour,labour
minimum,minimum
consumption,consumpt
products,product
effects,effect
states,state
states,state
account,account
tariffs,tariff
article,articl
countries,countri
agriculture,agricultur
sales,sale
development,develop
level,level
staff,staff
Germany,Germani
garments,garment
general,gener
capacity,capac
commission,commiss
gloves,glove
information,inform
officer,offic
law,law
paragraph,paragraph
supply,suppli
offer,offer
member,member
development,develop
vessel,vessel
pension,pension
programmes,programm
year,year
initial,initi
subject,subject
commission,commiss
council,council
amount,amount
development,develop
services,servic
intervention,intervent
aid,aid
annex,annex
provisions,provis
undertakings,undertak
Denmark,Denmark
directive,direct
letters,letter
safety,safeti
conference,confer
wheat,wheat
parties,parti
working,work
yarn,yarn
procedure,procedur
price,price
added,ad
products,product
world,world
waste,wast
communities,commun
hellenic,hellen
tariff,tariff
decision,decis
produota,produota
parties,parti
goods,good
Spain,Spain
community,commun
exchange,exchang
assistance,assist
income,incom
programmes,programm
toe,toe
outer,outer
additional,addit
cotton,cotton
specific,specif
total,total
case,case
report,report
party,parti
acts,act
referred,refer
year,year
member,member
rolled,roll
tourism,tourism
financial,financi
convention,convent
european,european
infrastructure,infrastructur
decision,decis
trade,trade
labour,labour
es,e
initial,initi
system,system
community,commun
member,member
combinations,combin
chapter,chapter
intervention,intervent
number,number
arrangements,arrang
loans,loan
derived,deriv
competent,compet
countries,countri
processing,process
export,export
prices,price
country,countri
parts,part
storage,storag
fruit,fruit
wood,wood
financial,financi
barley,barlei
article,articl
agreements,agreement
imports,import
economic,econom
country,countri
loans,loan
development,develop
conditions,condit
temperature,temperatur
paid,paid
draft,draft
producer,produc
services,servic
consumer,consum
conditions,condit
subheading,subhead
common,common
production,product
three,three
France,Franc
bureaux,bureaux
economic,econom
article,articl
oi,oi
farms,farm
laws,law
market,market
Pakistan,Pakistan
outer,outer
net,net
gas,ga
required,requir
persons,person
negotiations,negoti
imports,import
binding,bind
british,british
pollutants,pollut
grain,grain
eur,eur
executive,execut
annex,annex
steel,steel
plants,plant
works,work
commission,commiss
second,second
december,decemb
contracts,contract
will,will
destination,destin
beneficiary,beneficiari
textile,textil
fuel,fuel
member,member
instruments,instrument
loss,loss
purchased,purchas
supply,suppli
sheet,sheet
coastal,coastal
kind,kind
programmes,programm
year,year
jute,jute
person,person
io,io
fixing,fix
Italy,Itali
users,user
parts,part
ing,ing
basic,basic
costs,cost
dealers,dealer
third,third
fresh,fresh
cattle,cattl
export,export
economic,econom
tonnes,tonn
strength,strength
recommended,recommend
january,januari
subject,subject
free,free
investment,invest
commission,commiss
fact,fact
requirements,requir
substances,substanc
arrangements,arrang
initial,initi
parties,parti
Cyprus,Cypru
State,State
fusion,fusion
speed,speed
laid,laid
refund,refund
regulation,regul
laid,laid
economic,econom
zealand,zealand
solution,solut
heading,head
supplies,suppli
example,exampl
republic,republ
loss,loss
council,council
will,will
inspection,inspect
total,total
address,address
rights,right
government,govern
alu,alu
states,state
article,articl
quotas,quota
metric,metric
industry,industri
catch,catch
exceed,exce
en,en
bovine,bovin
fixed,fix
commission,commiss
statistics,statist
action,action
levy,levi
coal,coal
taxes,tax
programme,programm
annex,annex
pulp,pulp
chapter,chapter
international,intern
eec,eec
term,term
community,commun
dealers,dealer
association,associ
time,time
will,will
Denmark,Denmark
linen,linen
members,member
production,product
competition,competit
subject,subject
programme,programm
year,year
measures,measur
species,speci
power,power
free,free
amended,amend
directive,direct
sea,sea
institution,institut
scientific,scientif
prices,price
imports,import
energy,energi
development,develop
chapter,chapter
islands,island
problems,problem
results,result
oil,oil
development,develop
acts,act
free,free
investment,invest
Luxembourg,Luxembourg
control,control
exchange,exchang
construction,construct
export,export
expenditure,expenditur
council,council
parts,part
quantitative,quantit
provided,provid
alcoholic,alcohol
falling,fall
sector,sector
countries,countri
methods,method
State,State
falling,fall
transitional,transit
draft,draft
counoil,counoil
participants,particip
carriage,carriag
seed,seed
ii,ii
contracting,contract
workers,worker
national,nation
products,product
project,project
december,decemb
products,product
crocheted,crochet
states,state
informatics,informat
referred,refer
capacity,capac
law,law
examination,examin
licence,licenc
expenses,expens
imports,import
years,year
specific,specif
draft,draft
countries,countri
states,state
development,develop
december,decemb
debt,debt
duration,durat
de,de
imports,import
work,work
technologies,technologi
measures,measur
flow,flow
year,year
Ecu,Ecu
basis,basi
commission,commiss
treaty,treati
concentration,concentr
insurance,insur
european,european
system,system
exports,export
council,council
kind,kind
machinery,machineri
member,member
regulation,regul
allocated,alloc
community,commun
content,content
agent,agent
delegation,deleg
quotas,quota
definition,definit
issued,issu
article,articl
action,action
collective,collect
eec,eec
EAGGF,EAGGF
provisions,provis
hop,hop
rates,rate
inspection,inspect
servants,servant
products,product
fixing,fix
amounts,amount
decision,decis
Denmark,Denmark
office,offic
national,nation
units,unit
li,li
favoured,favour
labelling,label
invitation,invit
main,main
cotton,cotton
acid,acid
work,work
years,year
regulation,regul
will,will
situation,situat
treaty,treati
land,land
action,action
pigmeat,pigmeat
originating,origin
exporting,export
states,state
sales,sale
official,offici
council,council
area,area
economic,econom
time,time
lot,lot
agency,agenc
copy,copi
application,applic
gloves,glove
will,will
states,state
duty,duti
buyer,buyer
poultry,poultri
commission,commiss
items,item
fish,fish
paper,paper
study,studi
rates,rate
letters,letter
transactions,transact
aa,aa
refunds,refund
december,decemb
market,market
conditions,condit
de,de
beet,beet
sale,sale
commission,commiss
originally,origin
annex,annex
adult,adult
exports,export
july,juli
high,high
alcoholic,alcohol
und,und
suspension,suspens
third,third
imported,import
official,offici
revenue,revenu
hand,hand
relating,relat
area,area
provisions,provis
metric,metric
international,intern
trade,trade
tariff,tariff
high,high
type,type
procedure,procedur
falling,fall
persons,person
referred,refer
opinion,opinion
quotation,quotat
health,health
common,common
production,product
kind,kind
based,base
works,work
cooperation,cooper
participants,particip
requirements,requir
level,level
State,State
laws,law
provisions,provis
returning,return
treaty,treati
application,applic
duties,duti
initial,initi
aid,aid
officials,offici
product,product
ti,ti
eec,eec
products,product
supply,suppli
study,studi
migrant,migrant
article,articl
fuel,fuel
office,offic
health,health
point,point
customs,custom
council,council
vessels,vessel
agent,agent
investment,invest
aid,aid
price,price
products,product
view,view
jrc,jrc
Luxembourg,Luxembourg
wool,wool
paragraph,paragraph
loan,loan
taxation,taxat
weight,weight
children,children
service,servic
vocational,vocat
provisions,provis
production,product
zealand,zealand
states,state
measure,measur
stocks,stock
family,famili
materials,materi
inflation,inflat
commission,commiss
parties,parti
total,total
payment,payment
acp-eec,acp-eec
national,nation
number,number
quality,qualiti
million,million
july,juli
article,articl
fixed,fix
table,tabl
trade,trade
force,forc
sound,sound
group,group
butter,butter
regions,region
processing,process
elastic,elast
accordance,accord
referred,refer
fresh,fresh
production,product
price,price
commission,commiss
fabrics,fabric
duty,duti
import,import
final,final
obtained,obtain
participant,particip
passenger,passeng
agreement,agreement
materials,materi
parties,parti
commission,commiss
support,support
budget,budget
heating,heat
imports,import
relations,relat
limits,limit
prices,price
development,develop
insurance,insur
Germany,Germani
united,unit
concerning,concern
licences,licenc
general,gener
total,total
control,control
areas,area
preliminary,preliminari
interest,interest
treaty,treati
commission,commiss
july,juli
authorities,author
permanent,perman
account,account
commission,commiss
systems,system
biotechnology,biotechnologi
disease,diseas
exhaust,exhaust
carried,carri
year,year
increase,increas
delegation,deleg
project,project
members,member
provisions,provis
international,intern
technology,technologi
decision,decis
european,european
article,articl
wire,wire
jrc,jrc
sugar,sugar
including,includ
policies,polici
starch,starch
costs,cost
joint,joint
territories,territori
concerning,concern
exporter,export
financing,financ
policies,polici
vocational,vocat
tests,test
fund,fund
european,european
brewer,brewer
international,intern
nationals,nation
pension,pension
frontier,frontier
average,averag
milk,milk
office,offic
countries,countri
number,number
european,european
chapter,chapter
te,te
agriculture,agricultur
intended,intend
fixed,fix
signalling,signal
crocheted,crochet
preserved,preserv
technical,technic
basis,basi
application,applic
products,product
tons,ton
directly,directli
Denmark,Denmark
measures,measur
feed,feed
working,work
quota,quota
motor,motor
company,compani
seeds,seed
shareholders,sharehold
solution,solut
amendments,amend
view,view
works,work
energy,energi
exportation,export
conditions,condit
garments,garment
measures,measur
agreement,agreement
description,descript
country,countri
type,type
council,council
provisions,provis
north,north
sheets,sheet
project,project
situation,situat
India,India
excise,excis
application,applic
common,common
apply,appli
national,nation
textile,textil
tive,tive
fixed,fix
private,privat
prices,price
importation,import
listed,list
cows,cow
textile,textil
establishing,establish
commission,commiss
market,market
nr,nr
free,free
entry,entri
recommended,recommend
public,public
unit,unit
cases,case
field,field
party,parti
Tunisia,Tunisia
commission,commiss
accession,access
third,third
handicrafts,handicraft
ispra,ispra
control,control
respect,respect
weight,weight
application,applic
State,State
concerning,concern
ciuts,ciut
laws,law
content,content
excise,excis
paper,paper
including,includ
bank,bank
parties,parti
article,articl
appliances,applianc
price,price
handicrafts,handicraft
territory,territori
member,member
poultry,poultri
applicable,applic
EAGGF,EAGGF
territories,territori
commission,commiss
iron,iron
conditions,condit
joint,joint
cr,cr
weight,weight
common,common
council,council
national,nation
security,secur
price,price
policy,polici
annex,annex
member,member
seat,seat
duties,duti
cover,cover
vehicle,vehicl
costs,cost
rate,rate
area,area
treaty,treati
system,system
basis,basi
studies,studi
France,Franc
crocheted,crochet
meeting,meet
treaty,treati
VAT,VAT
China,China
study,studi
office,offic
equal,equal
State,State
nuclear,nuclear
offered,offer
applicable,applic
farming,farm
catch,catch
article,articl
activities,activ
price,price
customs,custom
plutonium,plutonium
acp,acp
entered,enter
transfer,transfer
market,market
processing,process
common,common
total,total
relating,relat
territory,territori
years,year
total,total
community,commun
originating,origin
certificate,certif
united,unit
price,price
longitude,longitud
including,includ
synthetic,synthet
proposal,propos
products,product
articles,articl
growth,growth
increased,increas
products,product
signature,signatur
thereof,thereof
measures,measur
view,view
fro,fro
annex,annex
inland,inland
commercial,commerci
machines,machin
force,forc
programmes,programm
real,real
funds,fund
solar,solar
decision,decis
external,extern
article,articl
stage,stage
construction,construct
financial,financi
sets,set
concerning,concern
agreement,agreement
community,commun
members,member
exports,export
surface,surfac
fund,fund
regulation,regul
projects,project
economic,econom
financial,financi
Portugal,Portug
road,road
jobs,job
ol,ol
article,articl
executive,execut
term,term
action,action
form,form
article,articl
fixed,fix
measures,measur
negotiations,negoti
decision,decis
table,tabl
concerned,concern
general,gener
software,softwar
article,articl
products,product
alcoholic,alcohol
description,descript
treaty,treati
ii,ii
customs,custom
social,social
exceeding,exceed
loading,load
conclusion,conclus
amount,amount
european,european
community,commun
contributions,contribut
council,council
participation,particip
noise,nois
account,account
justice,justic
groups,group
regulation,regul
legal,legal
officials,offici
ua,ua
amount,amount
cereals,cereal
meeting,meet
total,total
press,press
investment,invest
scientific,scientif
es,e
commission,commiss
weight,weight
processing,process
reflecting,reflect
heading,head
fresh,fresh
COST,COST
form,form
submitted,submit
industrial,industri
demand,demand
entirety,entireti
accession,access
levels,level
dried,dri
apply,appli
organization,organ
item,item
commission,commiss
june,june
shares,share
facility,facil
rules,rule
general,gener
security,secur
operation,oper
operation,oper
decision,decis
crocheted,crochet
gas,ga
indicative,indic
falling,fall
guarantees,guarante
paid,paid
cereals,cereal
paragraph,paragraph
total,total
parts,part
commission,commiss
public,public
will,will
exemption,exempt
fron,fron
advance,advanc
government,govern
system,system
list,list
para,para
council,council
market,market
distribution,distribut
constituted,constitut
council,council
premiums,premium
limits,limit
concerning,concern
scrap,scrap
litres,litr
annex,annex
magnesium,magnesium
determined,determin
importation,import
admission,admiss
communities,commun
difficulties,difficulti
permissible,permiss
article,articl
Morocco,Morocco
article,articl
acceptance,accept
convention,convent
industry,industri
studies,studi
device,devic
provided,provid
referred,refer
financial,financi
provided,provid
treaty,treati
agreement,agreement
content,content
net,net
equipment,equip
machinery,machineri
nr,nr
commercial,commerci
commission,commiss
operation,oper
conditions,condit
increased,increas
tariff,tariff
authorities,author
international,intern
paid,paid
member,member
construction,construct
commission,commiss
article,articl
production,product
ii,ii
conditions,condit
er,er
poultry,poultri
quality,qualiti
butteroil,butteroil
market,market
family,famili
tenderer,tender
will,will
exportation,export
standards,standard
motor,motor
harvested,harvest
amount,amount
regulations,regul
port,port
fund,fund
land,land
decision,decis
convention,convent
field,field
work,work
rates,rate
gloves,glove
works,work
iron,iron
market,market
united,unit
projects,project
article,articl
jobs,job
government,govern
sources,sourc
united,unit
treaty,treati
regions,region
north,north
security,secur
european,european
real,real
article,articl
euratom,euratom
technical,technic
commission,commiss
system,system
council,council
network,network
olive,oliv
applications,applic
states,state
importation,import
loan,loan
nederland,nederland
slaughter,slaughter
government,govern
power,power
relations,relat
refunds,refund
south,south
articles,articl
garments,garment
paragraph,paragraph
strength,strength
heading,head
applicant,applic
total,total
standards,standard
officer,offic
community,commun
subject,subject
made,made
fron,fron
programme,programm
rail,rail
convention,convent
electric,electr
form,form
member,member
increase,increas
tonnes,tonn
investment,invest
gloves,glove
note,note
outer,outer
ad,ad
lot,lot
VAT,VAT
number,number
pollution,pollut
states,state
fish,fish
regulations,regul
milk,milk
strip,strip
programmes,programm
eec,eec
development,develop
paragraph,paragraph
grants,grant
marketing,market
traffic,traffic
unemployment,unemploy
st,st
customs,custom
agreement,agreement
work,work
pollution,pollut
type,type
utilization,util
producers,produc
account,account
vis,vi
company,compani
year,year
territory,territori
council,council
management,manag
provisions,provis
fixed,fix
produced,produc
iron,iron
radioactive,radioact
weight,weight
excluding,exclud
year,year
weight,weight
supply,suppli
force,forc
originating,origin
concept,concept
provisions,provis
increase,increas
objectives,object
industrial,industri
conditions,condit
reimbursement,reimburs
State,State
aid,aid
regulations,regul
illegal,illeg
regulations,regul
minimum,minimum
level,level
oils,oil
member,member
State,State
Bonaire,Bonair
rate,rate
officials,offici
tha,tha
area,area
provisions,provis
amended,amend
brazilian,brazilian
falling,fall
prepared,prepar
depths,depth
based,base
december,decemb
financial,financi
years,year
enter,enter
great,great
standards,standard
heads,head
fro,fro
certifying,certifi
test,test
british,british
reproductive,reproduct
law,law
atomic,atom
social,social
submitted,submit
State,State
article,articl
international,intern
granted,grant
animal,anim
supplies,suppli
articles,articl
exceeding,exceed
risk,risk
survey,survei
skimmed,skim
consolidated,consolid
shipbuilding,shipbuild
bars,bar
national,nation
inflation,inflat
honour,honour
states,state
ito,ito
commission,commiss
treaty,treati
computer,comput
yarn,yarn
ting,ting
community,commun
common,common
agreements,agreement
countries,countri
guide,guid
community,commun
quotas,quota
june,june
capital,capit
regulation,regul
andere,ander
autonomous,autonom
countries,countri
practice,practic
assets,asset
currency,currenc
case,case
committee,committe
international,intern
imports,import
imports,import
united,unit
friendship,friendship
de,de
temperature,temperatur
mechanical,mechan
rules,rule
barley,barlei
submitted,submit
respect,respect
meeting,meet
will,will
states,state
duty,duti
transactions,transact
rate,rate
produoto,produoto
buyer,buyer
agreements,agreement
energy,energi
carried,carri
consumption,consumpt
industry,industri
authority,author
ratification,ratif
type,type
common,common
decision,decis
ceilings,ceil
imports,import
british,british
remuneration,remuner
form,form
oi,oi
conditions,condit
aid,aid
cereals,cereal
systems,system
education,educ
security,secur
measures,measur
community,commun
measures,measur
item,item
agreement,agreement
payment,payment
services,servic
loading,load
growth,growth
total,total
companies,compani
financial,financi
national,nation
safety,safeti
republic,republ
heading,head
undertaking,undertak
article,articl
products,product
facilities,facil
cultural,cultur
board,board
part-time,part-tim
force,forc
prices,price
arrangement,arrang
economic,econom
premium,premium
measures,measur
residence,resid
results,result
public,public
products,product
states,state
cooperation,cooper
community,commun
community,commun
level,level
year,year
products,product
investment,invest
member,member
document,document
balance,balanc
Belgium,Belgium
number,number
parties,parti
tests,test
world,world
prices,price
division,divis
yarn,yarn
articles,articl
information,inform
grapes,grape
prepared,prepar
industry,industri
imports,import
quality,qualiti
goods,good
kind,kind
commission,commiss
commission's,commission'
part,part
agency,agenc
service,servic
countries,countri
rate,rate
will,will
regions,region
Ecu,Ecu
skimmed,skim
year,year
uppers,upper
hellenic,hellen
man,man
valorem,valorem
medical,medic
provided,provid
Italy,Itali
notes,note
amending,amend
west,west
article,articl
world,world
high,high
operations,oper
article,articl
bank,bank
force,forc
assistance,assist
laying,lai
provisions,provis
effects,effect
en,en
products,product
phase,phase
long,long
states,state
contained,contain
rate,rate
measures,measur
based,base
measures,measur
AIDS,AIDS
footnotes,footnot
social,social
work,work
design,design
committee,committe
leaf,leaf
beverages,beverag
free,free
capacity,capac
frozen,frozen
territories,territori
measures,measur
dry,dry
products,product
respect,respect
ceilings,ceil
force,forc
exporting,export
investment,invest
problems,problem
schemes,scheme
approval,approv
financial,financi
laws,law
prospecting,prospect
waterway,waterwai
rights,right
salary,salari
falling,fall
basis,basi
seeds,seed
work,work
prance,pranc
territory,territori
sector,sector
travel,travel
ot,ot
farmers,farmer
plant,plant
amount,amount
beam,beam
processing,process
andere,ander
applicant,applic
provide,provid
november,novemb
agreements,agreement
increased,increas
community,commun
rate,rate
substances,substanc
ii,ii
valuo,valuo
director,director
device,devic
metric,metric
annex,annex
group,group
physical,physic
proposed,propos
decision,decis
common,common
solar,solar
community,commun
EAGGF,EAGGF
hair,hair
investment,invest
protocol,protocol
electrical,electr
business,busi
land,land
distribution,distribut
account,account
countries,countri
leather,leather
european,european
payments,payment
article,articl
State,State
tine,tine
minimum,minimum
France,Franc
software,softwar
status,statu
mission,mission
leaf,leaf
contract,contract
sale,sale
levied,levi
industry,industri
cut,cut
annex,annex
brussels,brussel
decision,decis
produced,produc
cct,cct
states,state
imports,import
temporary,temporari
companies,compani
payments,payment
sector,sector
directives,direct
aircraft,aircraft
Turkey,Turkei
amount,amount
annex,annex
states,state
cottage,cottag
activities,activ
approval,approv
council,council
content,content
AIDS,AIDS
application,applic
adopted,adopt
admission,admiss
reagents,reagent
subheading,subhead
support,support
glass,glass
fro,fro
terms,term
government,govern
annex,annex
eec,eec
imports,import
certificate,certif
rules,rule
paragraph,paragraph
purchased,purchas
establishing,establish
beneficiary,beneficiari
amount,amount
customs,custom
company,compani
countries,countri
textile,textil
il,il
prices,price
account,account
quantities,quantiti
survey,survei
national,nation
metric,metric
supplies,suppli
free,free
air,air
test,test
indicative,indic
revenue,revenu
rates,rate
supply,suppli
balance,balanc
economic,econom
distribution,distribut
projects,project
order,order
scientific,scientif
account,account
animal,anim
accounts,account
years,year
product,product
period,period
people,peopl
number,number
employers,employ
council,council
fuels,fuel
beef,beef
thereof,thereof
total,total
quotas,quota
paragraph,paragraph
technology,technologi
community,commun
period,period
article,articl
convention,convent
payments,payment
eua,eua
common,common
national,nation
amount,amount
operations,oper
act,act
imported,import
loss,loss
report,report
fever,fever
communities,commun
noise,nois
states,state
sugar,sugar
stock,stock
weight,weight
cotton,cotton
measures,measur
wine-growing,wine-grow
customs,custom
economic,econom
level,level
environmental,environment
tariff,tariff
wood,wood
greek,greek
community,commun
thin,thin
provided,provid
infrastructure,infrastructur
community,commun
andere,ander
unchanged,unchang
persons,person
member,member
cereals,cereal
production,product
lists,list
accession,access
elastic,elast
rates,rate
hydrocarbons,hydrocarbon
amount,amount
transport,transport
jurisdiction,jurisdict
annex,annex
point,point
allowances,allow
price,price
properties,properti
AIDS,AIDS
entered,enter
lome,lome
rules,rule
project,project
milk,milk
tariffs,tariff
week,week
er,er
question,question
committee,committe
science,scienc
council,council
exceed,exce
payment,payment
regulation,regul
report,report
duties,duti
capital,capit
form,form
residence,resid
common,common
computer,comput
dumping,dump
Ecu,Ecu
referred,refer
plates,plate
reactor,reactor
excluding,exclud
republic,republ
interest,interest
eec,eec
port,port
procedures,procedur
customs,custom
portuguese,portugues
products,product
years,year
market,market
persons,person
inspection,inspect
respect,respect
communities,commun
reagent,reagent
vessels,vessel
carried,carri
insurance,insur
annex,annex
product,product
colza,colza
representative,repres
number,number
will,will
growth,growth
covers,cover
ion,ion
income,incom
committee,committe
minimum,minimum
devices,devic
man,man
citrus,citru
laying,lai
type,type
applications,applic
export,export
total,total
establishing,establish
protective,protect
air,air
feet,feet
produoto,produoto
conventions,convent
plane,plane
mining,mine
basic,basic
court,court
enrichment,enrich
council,council
communication,commun
article,articl
participant,particip
seals,seal
investment,invest
fine,fine
sources,sourc
ceiling,ceil
electric,electr
terms,term
farming,farm
developing,develop
year,year
resources,resourc
chapter,chapter
working,work
member,member
exchange,exchang
article,articl
economio,economio
issued,issu
common,common
states,state
origin,origin
munity,muniti
raw,raw
place,place
japanese,japanes
account,account
chilled,chill
system,system
authorities,author
january,januari
proposed,propos
paragraph,paragraph
ii,ii
unwrought,unwrought
granted,grant
exportation,export
stock,stock
accounting,account
limited,limit
weight,weight
conference,confer
countries,countri
allocated,alloc
application,applic
member,member
states,state
establishment,establish
landing,land
apply,appli
levy,levi
december,decemb
procedure,procedur
regard,regard
official,offici
labelling,label
fresh,fresh
person,person
materials,materi
exceed,exce
guarantees,guarante
will,will
paragraph,paragraph
temperature,temperatur
demand,demand
cottage,cottag
competent,compet
parties,parti
farming,farm
economic,econom
conditions,condit
originating,origin
amount,amount
AIDS,AIDS
july,juli
eur,eur
li,li
competent,compet
milk,milk
distribution,distribut
industrial,industri
programme,programm
commission,commiss
gas,ga
imported,import
substances,substanc
rear,rear
material,materi
total,total
states,state
products,product
account,account
average,averag
french,french
negotiations,negoti
common,common
high,high
nederland,nederland
outer,outer
shares,share
year,year
taxable,taxabl
including,includ
groups,group
revenue,revenu
job,job
present,present
council,council
code,code
establishing,establish
agriculture,agricultur
ices,ic
self-employed,self-emploi
technical,technic
level,level
question,question
reactors,reactor
bank,bank
total,total
transfers,transfer
present,present
carried,carri
producers,produc
industrial,industri
june,june
referred,refer
bank,bank
danmark,danmark
inspection,inspect
form,form
standard,standard
community's,community'
veal,veal
scientific,scientif
status,statu
rubberised,rubberis
laid,laid
eec,eec
tariff,tariff
total,total
exports,export
radiation,radiat
seal,seal
glass,glass
ceilings,ceil
years,year
thi,thi
work,work
passengers,passeng
trade,trade
example,exampl
negotiations,negoti
priority,prioriti
period,period
will,will
natural,natur
fabric,fabric
government,govern
country,countri
taxation,taxat
supply,suppli
payment,payment
thermal,thermal
areas,area
ii,ii
annex,annex
court,court
states,state
Ecu,Ecu
agricultural,agricultur
european,european
EDF,EDF
establishing,establish
interest,interest
products,product
procedure,procedur
job,job
la,la
period,period
programme,programm
technical,technic
animals,anim
circuit,circuit
entered,enter
proposed,propos
major,major
period,period
interest,interest
asbestos,asbesto
family,famili
developing,develop
report,report
consultations,consult
common,common
transport,transport
materials,materi
disposal,dispos
fresh,fresh
Yugoslavia,Yugoslavia
balance,balanc
headings,head
referred,refer
view,view
generalized,gener
countries,countri
conditions,condit
budgetary,budgetari
national,nation
living,live
meter,meter
applications,applic
proceedings,proceed
de,de
infrastructure,infrastructur
regulations,regul
remuneration,remuner
customs,custom
production,product
rates,rate
party,parti
table,tabl
teachers,teacher
average,averag
equipment,equip
cn,cn
community,commun
health,health
zealand,zealand
headlights,headlight
products,product
bb,bb
sea,sea
ensure,ensur
financial,financi
measures,measur
price,price
rules,rule
element,element
natural,natur
levies,levi
ho,ho
international,intern
rear,rear
fuel,fuel
decision,decis
capital,capit
facilities,facil
articles,articl
march,march
awarded,award
acting,act
formalities,formal
european,european
leather,leather
capacity,capac
supervision,supervis
example,exampl
payment,payment
machinery,machineri
emergency,emerg
company,compani
conservation,conserv
coated,coat
methods,method
deficit,deficit
cooperation,cooper
persons,person
ba,ba
invitation,invit
application,applic
sector,sector
headings,head
current,current
quality,qualiti
conditions,condit
concerned,concern
article,articl
standards,standard
fresh,fresh
will,will
december,decemb
position,posit
origin,origin
democratic,democrat
imported,import
currencies,currenc
national,nation
shares,share
regulation,regul
difficult,difficult
limits,limit
protection,protect
protocol,protocol
period,period
extension,extens
countries,countri
seal,seal
analysis,analysi
machine,machin
paragraph,paragraph
processed,process
applications,applic
apply,appli
set,set
export,export
animal,anim
acid,acid
taxes,tax
duty,duti
german,german
third,third
countries,countri
development,develop
device,devic
sector,sector
seal,seal
business,busi
exchange,exchang
number,number
july,juli
amount,amount
maximum,maximum
common,common
products,product
zone,zone
agreement,agreement
tr,tr
imports,import
varieties,varieti
delivery,deliveri
work,work
vocational,vocat
provided,provid
countries,countri
importation,import
lead,lead
device,devic
marketing,market
entered,enter
period,period
food,food
public,public
industrial,industri
agreements,agreement
export,export
specific,specif
fusion,fusion
currencies,currenc
hair,hair
law,law
measures,measur
application,applic
kingdom,kingdom
persons,person
supplies,suppli
young,young
accession,access
fuel,fuel
rate,rate
account,account
u.a,u.a
waters,water
scheme,scheme
studies,studi
balance,balanc
common,common
agency,agenc
financial,financi
Ecu,Ecu
overseas,oversea
make,make
computer,comput
community,commun
commission,commiss
amended,amend
procedure,procedur
companies,compani
federal,feder
annex,annex
trade,trade
control,control
position,posit
amounts,amount
geographical,geograph
obtained,obtain
category,categori
conditions,condit
market,market
excluding,exclud
gdp,gdp
average,averag
council,council
issuing,issu
paperboard,paperboard
trade,trade
considers,consid
account,account
acting,act
vehicle,vehicl
states,state
weighing,weigh
government,govern
women,women
price,price
assistance,assist
fuels,fuel
eec,eec
commission,commiss
wool,wool
approach,approach
acquisition,acquisit
persons,person
France,Franc
navigation,navig
accession,access
area,area
communities,commun
products,product
furnace,furnac
industry,industri
total,total
states,state
referred,refer
programmes,programm
accession,access
formalities,formal
wage,wage
ion,ion
economic,econom
performance,perform
will,will
commission,commiss
capacity,capac
measures,measur
will,will
case,case
tariff,tariff
general,gener
oxides,oxid
persons,person
resources,resourc
pilot,pilot
third,third
milk,milk
strength,strength
tools,tool
plant,plant
community,commun
member,member
situation,situat
matter,matter
quantity,quantiti
recommendation,recommend
maximum,maximum
annexed,annex
referred,refer
aid,aid
proposals,propos
worker,worker
type,type
premiums,premium
statute,statut
european,european
undertakings,undertak
persons,person
pensions,pension
free,free
threshold,threshold
wheat,wheat
request,request
national,nation
hotel,hotel
total,total
office,offic
io,io
economic,econom
member,member
intervention,intervent
soluble,solubl
goods,good
dried,dri
well,well
concerned,concern
eec,eec
special,special
level,level
economic,econom
fiscal,fiscal
sulphur,sulphur
poultrymeat,poultrymeat
producto,producto
cacao,cacao
manufacturer,manufactur
article,articl
fodder,fodder
representatives,repres
treaty,treati
amendment,amend
relating,relat
wheat,wheat
development,develop
number,number
construction,construct
heading,head
industry,industri
mechanical,mechan
glass,glass
respect,respect
sheep,sheep
international,intern
loss,loss
will,will
cold,cold
group,group
exchange,exchang
consideration,consider
supplies,suppli
boon,boon
cereals,cereal
period,period
member,member
assembly,assembli
parti,parti
target,target
provided,provid
consumers,consum
goods,good
product,product
calves,calv
subject,subject
february,februari
loan,loan
contracts,contract
countries,countri
third,third
weight,weight
annex,annex
units,unit
board,board
general,gener
articles,articl
environment,environ
accession,access
draw,draw
secretary,secretari
relations,relat
body,bodi
reactors,reactor
vaccine,vaccin
conditions,condit
exceeding,exceed
november,novemb
time,time
proposals,propos
market,market
water,water
oils,oil
water,water
description,descript
insurance,insur
number,number
tariff,tariff
acting,act
approval,approv
years,year
certifies,certifi
country,countri
party,parti
sheep,sheep
force,forc
european,european
customs,custom
products,product
undertaking,undertak
civil,civil
authorities,author
es,e
authorities,author
amount,amount
developing,develop
studies,studi
conditions,condit
fixed,fix
industry,industri
State,State
pollutants,pollut
manufacturer,manufactur
annex,annex
projects,project
infrastructure,infrastructur
referred,refer
payments,payment
farms,farm
sale,sale
industrial,industri
proposals,propos
objective,object
Belgium,Belgium
fine,fine
council,council
restructuring,restructur
prices,price
lists,list
group,group
contracts,contract
conditions,condit
pollution,pollut
crude,crude
frozen,frozen
force,forc
area,area
herring,her
worker,worker
study,studi
demand,demand
quotas,quota
member,member
programmes,programm
regulation,regul
preferences,prefer
financial,financi
analysis,analysi
fixing,fix
department,depart
Greece,Greec
number,number
savings,save
figures,figur
herds,herd
annexed,annex
steels,steel
field,field
powder,powder
parallel,parallel
fibres,fibr
fabric,fabric
rules,rule
origin,origin
including,includ
agriculture,agricultur
years,year
technical,technic
industry,industri
motor,motor
respect,respect
additional,addit
tne,tne
paragraph,paragraph
transit,transit
member,member
air,air
communities,commun
aid,aid
average,averag
convention,convent
consumption,consumpt
flax,flax
honour,honour
category,categori
market,market
awarded,award
resources,resourc
projects,project
international,intern
ECSC,ECSC
Norway,Norwai
service,servic
butter,butter
methods,method
services,servic
commitments,commit
aid,aid
amended,amend
year,year
rules,rule
international,intern
employees,employe
ia,ia
ensure,ensur
COST,COST
services,servic
quality,qualiti
vehicles,vehicl
supplementary,supplementari
community,commun
concerned,concern
statement,statement
jobs,job
compounds,compound
implementing,implement
cooperation,cooper
work,work
meat,meat
market,market
regulation,regul
heading,head
plants,plant
exceeding,exceed
waste,wast
european,european
